County,School year,Exemption rate
Anderson,2010-2011,0.45
Anderson,2011-2012,0.27
Anderson,2017-2018,1.36
Anderson,2019-2020,1.54
Anderson,2014-2015,0.58
Anderson,2018-2019,2.14
Anderson,2016-2017,1.55
Anderson,2015-2016,0.65
Anderson,2013-2014,0.79
Anderson,2012-2013,2.05
Andrews,2016-2017,0.97
Andrews,2010-2011,0.71
Andrews,2011-2012,0.35
Andrews,2014-2015,0.89
Andrews,2017-2018,1.21
Andrews,2018-2019,2.47
Andrews,2012-2013,0.97
Andrews,2013-2014,0.35
Andrews,2015-2016,1.35
Andrews,2019-2020,0.95
Angelina,2016-2017,1.17
Angelina,2013-2014,1.1
Angelina,2017-2018,1.51
Angelina,2014-2015,0.6
Angelina,2019-2020,1.82
Angelina,2015-2016,1.65
Angelina,2018-2019,1.72
Angelina,2012-2013,0.84
Angelina,2010-2011,0.38
Angelina,2011-2012,0.35
Aransas,2015-2016,1.43
Aransas,2013-2014,2.23
Aransas,2018-2019,1.06
Aransas,2010-2011,1.14
Aransas,2017-2018,1.19
Aransas,2012-2013,0
Aransas,2016-2017,2.08
Aransas,2011-2012,0
Aransas,2014-2015,1.11
Aransas,2019-2020,2.55
Archer,2017-2018,0
Archer,2018-2019,1.55
Archer,2016-2017,0
Archer,2013-2014,0.81
Archer,2014-2015,2.22
Archer,2010-2011,0.86
Archer,2012-2013,1.53
Archer,2011-2012,0.88
Archer,2019-2020,1.4
Archer,2015-2016,0
Armstrong,2012-2013,0
Armstrong,2013-2014,0
Armstrong,2014-2015,3.7
Armstrong,2011-2012,0
Armstrong,2019-2020,7.4
Armstrong,2017-2018,0
Armstrong,2010-2011,0
Armstrong,2015-2016,0
Armstrong,2018-2019,3.22
Armstrong,2016-2017,4.16
Atascosa,2014-2015,0.29
Atascosa,2015-2016,0.46
Atascosa,2013-2014,0.3
Atascosa,2012-2013,0.88
Atascosa,2018-2019,1.62
Atascosa,2017-2018,0.93
Atascosa,2010-2011,0
Atascosa,2011-2012,0.3
Atascosa,2019-2020,0.33
Atascosa,2016-2017,1.28
Austin,2018-2019,3.39
Austin,2014-2015,1.12
Austin,2010-2011,0.82
Austin,2016-2017,2.09
Austin,2013-2014,1.11
Austin,2015-2016,2.33
Austin,2019-2020,1.88
Austin,2012-2013,0.93
Austin,2011-2012,0.49
Austin,2017-2018,1.65
Bailey,2010-2011,0.8
Bailey,2012-2013,0
Bailey,2013-2014,0
Bailey,2011-2012,0.81
Bailey,2015-2016,0.9
Bailey,2014-2015,0
Bailey,2019-2020,1.12
Bailey,2018-2019,1.09
Bailey,2017-2018,1
Bailey,2016-2017,1.76
Bandera,2014-2015,4.21
Bandera,2019-2020,4.37
Bandera,2017-2018,2.11
Bandera,2013-2014,3.07
Bandera,2012-2013,2.65
Bandera,2011-2012,0.68
Bandera,2018-2019,1.06
Bandera,2010-2011,0.56
Bandera,2015-2016,1.32
Bandera,2016-2017,5.38
Bastrop,2012-2013,1.31
Bastrop,2017-2018,1.89
Bastrop,2015-2016,1.68
Bastrop,2010-2011,1.67
Bastrop,2018-2019,2.18
Bastrop,2011-2012,2.09
Bastrop,2016-2017,3.37
Bastrop,2014-2015,2.47
Bastrop,2019-2020,2.72
Bastrop,2013-2014,1.96
Baylor,2013-2014,0
Baylor,2010-2011,1.75
Baylor,2012-2013,1.96
Baylor,2011-2012,2.12
Baylor,2014-2015,1.81
Baylor,2019-2020,0
Baylor,2016-2017,0
Baylor,2017-2018,2.12
Baylor,2018-2019,1.78
Baylor,2015-2016,0
Bee,2016-2017,0
Bee,2011-2012,0.46
Bee,2018-2019,0.52
Bee,2019-2020,0.76
Bee,2017-2018,0
Bee,2012-2013,0.24
Bee,2010-2011,0.72
Bee,2014-2015,0.24
Bee,2013-2014,0
Bee,2015-2016,0.25
Bell,2017-2018,1.61
Bell,2011-2012,0.66
Bell,2010-2011,0.4
Bell,2014-2015,0.83
Bell,2019-2020,2.48
Bell,2013-2014,0.83
Bell,2018-2019,2.38
Bell,2015-2016,1.47
Bell,2012-2013,0.63
Bell,2016-2017,1.54
Bexar,2017-2018,1.32
Bexar,2015-2016,0.92
Bexar,2019-2020,1.77
Bexar,2011-2012,0.73
Bexar,2013-2014,0.78
Bexar,2018-2019,1.6
Bexar,2014-2015,0.8
Bexar,2010-2011,0.43
Bexar,2012-2013,0.58
Bexar,2016-2017,1.16
Blanco,2016-2017,6
Blanco,2010-2011,1.5
Blanco,2017-2018,3.48
Blanco,2013-2014,5.3
Blanco,2019-2020,7.36
Blanco,2012-2013,1.7
Blanco,2018-2019,3.92
Blanco,2015-2016,1.96
Blanco,2014-2015,5.12
Blanco,2011-2012,4.23
Borden,2014-2015,0
Borden,2010-2011,0
Borden,2018-2019,12.5
Borden,2015-2016,5.88
Borden,2017-2018,0
Borden,2011-2012,15.38
Borden,2019-2020,0
Borden,2016-2017,0
Borden,2012-2013,0
Borden,2013-2014,0
Bosque,2014-2015,0
Bosque,2019-2020,3.78
Bosque,2016-2017,2.16
Bosque,2013-2014,0
Bosque,2012-2013,0.87
Bosque,2011-2012,0.87
Bosque,2010-2011,0
Bosque,2017-2018,1.57
Bosque,2015-2016,0.48
Bosque,2018-2019,3.33
Bowie,2016-2017,1.88
Bowie,2012-2013,1.52
Bowie,2017-2018,1.94
Bowie,2019-2020,2.5
Bowie,2011-2012,1.19
Bowie,2015-2016,1.6
Bowie,2018-2019,2.39
Bowie,2013-2014,1.6
Bowie,2010-2011,1.41
Bowie,2014-2015,1.9
Brazoria,2014-2015,1.36
Brazoria,2012-2013,0.84
Brazoria,2011-2012,0.79
Brazoria,2016-2017,1.02
Brazoria,2010-2011,0.49
Brazoria,2018-2019,1.71
Brazoria,2017-2018,1.69
Brazoria,2019-2020,1.86
Brazoria,2013-2014,1.06
Brazoria,2015-2016,1.11
Brazos,2010-2011,0.83
Brazos,2011-2012,0.63
Brazos,2014-2015,0.72
Brazos,2019-2020,1.69
Brazos,2016-2017,1.51
Brazos,2012-2013,0.81
Brazos,2017-2018,1.21
Brazos,2015-2016,0.86
Brazos,2013-2014,0.66
Brazos,2018-2019,1.33
Brewster,2011-2012,0
Brewster,2014-2015,2.46
Brewster,2012-2013,2.04
Brewster,2013-2014,2.53
Brewster,2010-2011,0
Brewster,2019-2020,18.47
Brewster,2016-2017,2.35
Brewster,2017-2018,3
Brewster,2015-2016,0.91
Brewster,2018-2019,4.7
Briscoe,2016-2017,0
Briscoe,2019-2020,0
Briscoe,2014-2015,0
Briscoe,2017-2018,0
Briscoe,2011-2012,0
Briscoe,2018-2019,0
Briscoe,2013-2014,0
Briscoe,2015-2016,0
Briscoe,2012-2013,0
Briscoe,2010-2011,12.5
Brooks,2015-2016,0
Brooks,2013-2014,0
Brooks,2012-2013,0
Brooks,2011-2012,0
Brooks,2018-2019,0.93
Brooks,2017-2018,0.67
Brooks,2016-2017,0
Brooks,2010-2011,0
Brooks,2014-2015,0
Brooks,2019-2020,0
Brown,2017-2018,1.07
Brown,2016-2017,0.65
Brown,2011-2012,0.2
Brown,2018-2019,3.39
Brown,2014-2015,1.01
Brown,2010-2011,0.74
Brown,2013-2014,0.4
Brown,2019-2020,2.5
Brown,2015-2016,1.05
Brown,2012-2013,1.3
Burleson,2010-2011,0
Burleson,2015-2016,0.52
Burleson,2013-2014,0
Burleson,2019-2020,0.44
Burleson,2011-2012,0
Burleson,2014-2015,0
Burleson,2016-2017,0
Burleson,2017-2018,1.04
Burleson,2012-2013,0.44
Burleson,2018-2019,0.45
Burnet,2018-2019,3.33
Burnet,2015-2016,1.43
Burnet,2011-2012,1.3
Burnet,2016-2017,1.95
Burnet,2017-2018,3.48
Burnet,2012-2013,2.3
Burnet,2014-2015,3.5
Burnet,2013-2014,4.3
Burnet,2010-2011,2.38
Burnet,2019-2020,5.01
Caldwell,2018-2019,3.17
Caldwell,2016-2017,2.44
Caldwell,2011-2012,1.49
Caldwell,2019-2020,2.2
Caldwell,2013-2014,2.41
Caldwell,2012-2013,0.8
Caldwell,2017-2018,1.44
Caldwell,2010-2011,0.2
Caldwell,2015-2016,1.72
Caldwell,2014-2015,1.6
Calhoun,2011-2012,0.31
Calhoun,2017-2018,1.07
Calhoun,2018-2019,0.7
Calhoun,2014-2015,0.66
Calhoun,2019-2020,0.65
Calhoun,2012-2013,1.73
Calhoun,2015-2016,0.29
Calhoun,2016-2017,0.66
Calhoun,2013-2014,0.61
Calhoun,2010-2011,0
Callahan,2010-2011,1.14
Callahan,2018-2019,2.94
Callahan,2014-2015,3.22
Callahan,2017-2018,2.2
Callahan,2012-2013,1.07
Callahan,2013-2014,1.66
Callahan,2011-2012,1.5
Callahan,2015-2016,1.8
Callahan,2016-2017,2.25
Callahan,2019-2020,3.52
Cameron,2010-2011,0.09
Cameron,2014-2015,0.11
Cameron,2013-2014,0.25
Cameron,2015-2016,0.26
Cameron,2012-2013,0.16
Cameron,2017-2018,0.38
Cameron,2018-2019,0.77
Cameron,2016-2017,0.27
Cameron,2019-2020,0.65
Cameron,2011-2012,0.28
Camp,2012-2013,0.51
Camp,2013-2014,0
Camp,2014-2015,0
Camp,2019-2020,0
Camp,2015-2016,0
Camp,2017-2018,0
Camp,2016-2017,0
Camp,2010-2011,0
Camp,2011-2012,0
Camp,2018-2019,0.53
Carson,2013-2014,2.17
Carson,2019-2020,6.6
Carson,2012-2013,1.8
Carson,2015-2016,5.05
Carson,2016-2017,4.8
Carson,2011-2012,0.92
Carson,2017-2018,5.45
Carson,2014-2015,2.54
Carson,2010-2011,0.95
Carson,2018-2019,3.33
Cass,2018-2019,3.04
Cass,2011-2012,0.24
Cass,2012-2013,0
Cass,2015-2016,1.01
Cass,2017-2018,2.07
Cass,2019-2020,3.97
Cass,2013-2014,1.26
Cass,2010-2011,0.25
Cass,2014-2015,1.62
Cass,2016-2017,0.53
Castro,2012-2013,0
Castro,2018-2019,0.89
Castro,2016-2017,1.62
Castro,2019-2020,2.98
Castro,2017-2018,0.8
Castro,2013-2014,0
Castro,2015-2016,0
Castro,2011-2012,0
Castro,2010-2011,0
Castro,2014-2015,0.86
Chambers,2014-2015,1.02
Chambers,2017-2018,2.88
Chambers,2018-2019,2.61
Chambers,2011-2012,0.58
Chambers,2012-2013,1.71
Chambers,2013-2014,1.28
Chambers,2010-2011,0.64
Chambers,2016-2017,2.33
Chambers,2015-2016,1.58
Chambers,2019-2020,2.82
Cherokee,2019-2020,0.48
Cherokee,2018-2019,0.34
Cherokee,2013-2014,0.3
Cherokee,2017-2018,0.99
Cherokee,2010-2011,0.71
Cherokee,2014-2015,0.57
Cherokee,2016-2017,0
Cherokee,2012-2013,0.45
Cherokee,2011-2012,0.15
Cherokee,2015-2016,0.64
Childress,2015-2016,0
Childress,2017-2018,1.2
Childress,2018-2019,4.61
Childress,2012-2013,0
Childress,2013-2014,0
Childress,2016-2017,1.36
Childress,2014-2015,0
Childress,2010-2011,1.19
Childress,2011-2012,0
Childress,2019-2020,3.17
Clay,2011-2012,0.89
Clay,2010-2011,0
Clay,2013-2014,0
Clay,2018-2019,0.74
Clay,2015-2016,0.87
Clay,2019-2020,1.56
Clay,2012-2013,0
Clay,2014-2015,0
Clay,2016-2017,1
Clay,2017-2018,1.75
Cochran,2016-2017,0
Cochran,2011-2012,1.96
Cochran,2017-2018,0
Cochran,2010-2011,0
Cochran,2012-2013,0
Cochran,2013-2014,0
Cochran,2019-2020,6.66
Cochran,2018-2019,0
Cochran,2015-2016,0
Cochran,2014-2015,0
Coke,2012-2013,6.06
Coke,2015-2016,0
Coke,2017-2018,3.03
Coke,2016-2017,4.87
Coke,2019-2020,2.63
Coke,2018-2019,5
Coke,2013-2014,4.34
Coke,2010-2011,0
Coke,2011-2012,0
Coke,2014-2015,2.63
Coleman,2016-2017,1.09
Coleman,2018-2019,2.43
Coleman,2013-2014,0
Coleman,2011-2012,0
Coleman,2010-2011,0
Coleman,2012-2013,0
Coleman,2014-2015,0.97
Coleman,2019-2020,0
Coleman,2017-2018,0
Coleman,2015-2016,1.17
Collin,2014-2015,3.02
Collin,2017-2018,3.56
Collin,2012-2013,2.78
Collin,2010-2011,1.78
Collin,2013-2014,2.91
Collin,2018-2019,4.26
Collin,2011-2012,2.04
Collin,2019-2020,4.49
Collin,2016-2017,3.63
Collin,2015-2016,3.33
Collingsworth,2018-2019,0
Collingsworth,2019-2020,10
Collingsworth,2013-2014,0
Collingsworth,2010-2011,2.27
Collingsworth,2017-2018,1.75
Collingsworth,2015-2016,0
Collingsworth,2011-2012,1.61
Collingsworth,2016-2017,5.66
Collingsworth,2012-2013,2
Collingsworth,2014-2015,1.96
Colorado,2014-2015,0.49
Colorado,2015-2016,1.15
Colorado,2017-2018,0
Colorado,2011-2012,0.5
Colorado,2016-2017,0
Colorado,2010-2011,0.58
Colorado,2013-2014,0
Colorado,2012-2013,0
Colorado,2019-2020,0.56
Colorado,2018-2019,1.78
Comal,2015-2016,2.43
Comal,2012-2013,1.62
Comal,2016-2017,2.14
Comal,2013-2014,2.7
Comal,2019-2020,4.69
Comal,2011-2012,1.73
Comal,2010-2011,1.58
Comal,2017-2018,3.84
Comal,2018-2019,3
Comal,2014-2015,1.82
Comanche,2018-2019,0.59
Comanche,2015-2016,0.57
Comanche,2011-2012,0.62
Comanche,2012-2013,0
Comanche,2013-2014,2.77
Comanche,2016-2017,0.55
Comanche,2014-2015,1.86
Comanche,2010-2011,0.57
Comanche,2017-2018,2.28
Comanche,2019-2020,2.29
Concho,2014-2015,0
Concho,2013-2014,0
Concho,2017-2018,2.94
Concho,2019-2020,0
Concho,2015-2016,0
Concho,2010-2011,0
Concho,2011-2012,0
Concho,2018-2019,0
Concho,2012-2013,0
Concho,2016-2017,0
Cooke,2014-2015,1.52
Cooke,2012-2013,0.97
Cooke,2015-2016,1.14
Cooke,2010-2011,0.9
Cooke,2013-2014,0.54
Cooke,2016-2017,3.08
Cooke,2018-2019,3.31
Cooke,2019-2020,1.69
Cooke,2011-2012,0.77
Cooke,2017-2018,1.34
Coryell,2010-2011,0.48
Coryell,2011-2012,0.71
Coryell,2019-2020,2.3
Coryell,2018-2019,2.71
Coryell,2016-2017,1.38
Coryell,2015-2016,1
Coryell,2013-2014,3.26
Coryell,2012-2013,0.45
Coryell,2014-2015,4.23
Coryell,2017-2018,1.66
Cottle,2012-2013,0
Cottle,2015-2016,0
Cottle,2018-2019,0
Cottle,2014-2015,0
Cottle,2010-2011,0
Cottle,2017-2018,0
Cottle,2013-2014,
Cottle,2019-2020,0
Cottle,2011-2012,0
Cottle,2016-2017,0
Crane,2018-2019,0
Crane,2012-2013,0
Crane,2015-2016,0
Crane,2019-2020,1.23
Crane,2013-2014,0
Crane,2011-2012,0
Crane,2016-2017,0
Crane,2017-2018,0
Crane,2014-2015,1.19
Crane,2010-2011,0
Crockett,2019-2020,0
Crockett,2015-2016,0
Crockett,2011-2012,1.61
Crockett,2017-2018,0
Crockett,2012-2013,0
Crockett,2018-2019,1.78
Crockett,2010-2011,0
Crockett,2014-2015,1.47
Crockett,2013-2014,0
Crockett,2016-2017,0
Crosby,2013-2014,0
Crosby,2018-2019,2.85
Crosby,2012-2013,0
Crosby,2019-2020,0
Crosby,2017-2018,1.25
Crosby,2010-2011,1.19
Crosby,2016-2017,1.13
Crosby,2015-2016,1.07
Crosby,2014-2015,1.2
Crosby,2011-2012,1.92
Culberson,2016-2017,0
Culberson,2017-2018,0
Culberson,2013-2014,0
Culberson,2012-2013,
Culberson,2010-2011,0
Culberson,2011-2012,0
Culberson,2018-2019,0
Culberson,2019-2020,0
Culberson,2015-2016,0
Culberson,2014-2015,
Dallam,2013-2014,0.62
Dallam,2015-2016,3.59
Dallam,2011-2012,0
Dallam,2017-2018,2.89
Dallam,2012-2013,0
Dallam,2016-2017,1.88
Dallam,2019-2020,5.12
Dallam,2014-2015,0
Dallam,2018-2019,1.75
Dallam,2010-2011,0.7
Dallas,2019-2020,1.95
Dallas,2010-2011,0.57
Dallas,2011-2012,0.54
Dallas,2013-2014,0.83
Dallas,2012-2013,0.83
Dallas,2015-2016,0.84
Dallas,2018-2019,1.83
Dallas,2016-2017,1.15
Dallas,2014-2015,0.89
Dallas,2017-2018,1.36
Dawson,2015-2016,1.01
Dawson,2018-2019,5.37
Dawson,2013-2014,0.49
Dawson,2019-2020,7.64
Dawson,2010-2011,0
Dawson,2016-2017,1.57
Dawson,2017-2018,1.44
Dawson,2011-2012,0.47
Dawson,2014-2015,1.35
Dawson,2012-2013,0.39
DeWitt,2014-2015,0.82
DeWitt,2017-2018,0.5
DeWitt,2019-2020,0.48
DeWitt,2011-2012,0.9
DeWitt,2015-2016,1.5
DeWitt,2010-2011,0.56
DeWitt,2013-2014,0
DeWitt,2016-2017,1.97
DeWitt,2012-2013,0.89
DeWitt,2018-2019,0.5
Deaf Smith,2015-2016,0
Deaf Smith,2018-2019,0.91
Deaf Smith,2014-2015,0
Deaf Smith,2012-2013,0
Deaf Smith,2013-2014,0.27
Deaf Smith,2017-2018,0.33
Deaf Smith,2011-2012,0.26
Deaf Smith,2019-2020,0
Deaf Smith,2010-2011,0
Deaf Smith,2016-2017,0
Delta,2010-2011,0
Delta,2011-2012,3.63
Delta,2012-2013,0
Delta,2016-2017,1.78
Delta,2015-2016,5.26
Delta,2018-2019,1.85
Delta,2017-2018,0
Delta,2013-2014,0
Delta,2014-2015,0
Delta,2019-2020,1.69
Denton,2019-2020,4.65
Denton,2016-2017,3.91
Denton,2018-2019,5.29
Denton,2013-2014,9.22
Denton,2010-2011,1.96
Denton,2011-2012,4.8
Denton,2017-2018,4.72
Denton,2012-2013,4.52
Denton,2015-2016,3.5
Denton,2014-2015,3.4
Dickens,2014-2015,0
Dickens,2013-2014,0
Dickens,2010-2011,0
Dickens,2015-2016,0
Dickens,2011-2012,0
Dickens,2019-2020,0
Dickens,2017-2018,0
Dickens,2016-2017,0
Dickens,2012-2013,8.33
Dickens,2018-2019,0
Dimmit,2013-2014,0.47
Dimmit,2016-2017,0
Dimmit,2014-2015,0
Dimmit,2011-2012,0
Dimmit,2015-2016,0
Dimmit,2012-2013,0
Dimmit,2018-2019,0
Dimmit,2019-2020,0
Dimmit,2017-2018,0
Dimmit,2010-2011,0
Donley,2013-2014,0
Donley,2014-2015,3.77
Donley,2016-2017,2.5
Donley,2015-2016,0
Donley,2010-2011,0
Donley,2011-2012,0
Donley,2018-2019,0
Donley,2019-2020,0
Donley,2017-2018,2.5
Donley,2012-2013,4.16
Duval,2016-2017,0
Duval,2015-2016,0
Duval,2017-2018,0.53
Duval,2011-2012,0
Duval,2010-2011,0
Duval,2012-2013,0
Duval,2013-2014,0
Duval,2019-2020,1.25
Duval,2018-2019,0
Duval,2014-2015,0
Eastland,2015-2016,2.8
Eastland,2016-2017,2.98
Eastland,2018-2019,4.92
Eastland,2012-2013,2.66
Eastland,2010-2011,1.8
Eastland,2014-2015,0.87
Eastland,2013-2014,2.24
Eastland,2017-2018,5.55
Eastland,2019-2020,2.51
Eastland,2011-2012,0
Ector,2013-2014,0.85
Ector,2016-2017,1.06
Ector,2018-2019,1.31
Ector,2012-2013,0.47
Ector,2015-2016,1.15
Ector,2011-2012,0.47
Ector,2010-2011,0.33
Ector,2019-2020,1.11
Ector,2017-2018,0.82
Ector,2014-2015,0.9
Edwards,2011-2012,0
Edwards,2018-2019,2.08
Edwards,2019-2020,4.25
Edwards,2010-2011,4.34
Edwards,2016-2017,2.27
Edwards,2017-2018,0
Edwards,2013-2014,0
Edwards,2012-2013,0
Edwards,2014-2015,0
Edwards,2015-2016,0
El Paso,2012-2013,0.88
El Paso,2017-2018,0.53
El Paso,2019-2020,0.74
El Paso,2016-2017,0.38
El Paso,2010-2011,0.71
El Paso,2013-2014,1.09
El Paso,2018-2019,0.62
El Paso,2011-2012,0.81
El Paso,2015-2016,1.14
El Paso,2014-2015,1.15
Ellis,2017-2018,2.82
Ellis,2012-2013,1.21
Ellis,2016-2017,1.92
Ellis,2011-2012,1.25
Ellis,2019-2020,3.4
Ellis,2013-2014,1.29
Ellis,2014-2015,1.75
Ellis,2018-2019,2.89
Ellis,2015-2016,1.6
Ellis,2010-2011,1.13
Erath,2011-2012,0.21
Erath,2017-2018,2.31
Erath,2014-2015,0.71
Erath,2015-2016,0.95
Erath,2012-2013,1.11
Erath,2016-2017,1.16
Erath,2010-2011,0
Erath,2019-2020,2.83
Erath,2013-2014,0.97
Erath,2018-2019,1.55
Falls,2010-2011,0
Falls,2013-2014,0
Falls,2011-2012,0.95
Falls,2019-2020,1.66
Falls,2017-2018,0.57
Falls,2015-2016,1.12
Falls,2018-2019,0.65
Falls,2016-2017,1.24
Falls,2012-2013,0
Falls,2014-2015,0
Fannin,2013-2014,1.2
Fannin,2010-2011,0.69
Fannin,2016-2017,3.09
Fannin,2014-2015,1.56
Fannin,2019-2020,3.91
Fannin,2017-2018,2.62
Fannin,2012-2013,1.49
Fannin,2018-2019,4.26
Fannin,2011-2012,1.03
Fannin,2015-2016,1.08
Fayette,2011-2012,2.23
Fayette,2010-2011,0.74
Fayette,2012-2013,0.35
Fayette,2013-2014,0.67
Fayette,2015-2016,1.05
Fayette,2014-2015,0.32
Fayette,2016-2017,1.32
Fayette,2018-2019,1.45
Fayette,2017-2018,0
Fayette,2019-2020,1.42
Fisher,2013-2014,0
Fisher,2012-2013,0
Fisher,2019-2020,0
Fisher,2010-2011,2.38
Fisher,2018-2019,2.32
Fisher,2015-2016,0
Fisher,2014-2015,
Fisher,2016-2017,0
Fisher,2017-2018,0
Fisher,2011-2012,0
Floyd,2010-2011,0
Floyd,2015-2016,2.24
Floyd,2016-2017,1.12
Floyd,2017-2018,0
Floyd,2012-2013,0
Floyd,2014-2015,0
Floyd,2013-2014,0
Floyd,2011-2012,0
Floyd,2018-2019,0
Floyd,2019-2020,0
Foard,2017-2018,0
Foard,2016-2017,0
Foard,2014-2015,0
Foard,2011-2012,0
Foard,2018-2019,0
Foard,2019-2020,0
Foard,2010-2011,0
Foard,2015-2016,0
Foard,2013-2014,0
Foard,2012-2013,0
Fort Bend,2018-2019,1.35
Fort Bend,2014-2015,0.82
Fort Bend,2017-2018,0.97
Fort Bend,2015-2016,0.81
Fort Bend,2016-2017,0.93
Fort Bend,2012-2013,0.81
Fort Bend,2013-2014,0.94
Fort Bend,2011-2012,0.73
Fort Bend,2019-2020,0.76
Fort Bend,2010-2011,0.66
Franklin,2014-2015,1.43
Franklin,2016-2017,2.45
Franklin,2019-2020,0.98
Franklin,2015-2016,2.27
Franklin,2011-2012,1.55
Franklin,2018-2019,2.15
Franklin,2017-2018,0
Franklin,2010-2011,0.74
Franklin,2012-2013,0.74
Franklin,2013-2014,0.67
Freestone,2010-2011,1.08
Freestone,2014-2015,1.5
Freestone,2017-2018,2.55
Freestone,2018-2019,2.97
Freestone,2016-2017,1.9
Freestone,2019-2020,2.14
Freestone,2015-2016,1.25
Freestone,2013-2014,1.71
Freestone,2012-2013,1.27
Freestone,2011-2012,1.36
Frio,2011-2012,0
Frio,2014-2015,0.4
Frio,2013-2014,0.35
Frio,2016-2017,0
Frio,2010-2011,0
Frio,2017-2018,0.46
Frio,2018-2019,0
Frio,2012-2013,0
Frio,2019-2020,1.4
Frio,2015-2016,0
Gaines,2017-2018,18.21
Gaines,2014-2015,9.68
Gaines,2018-2019,16.98
Gaines,2012-2013,8.14
Gaines,2013-2014,7.44
Gaines,2019-2020,18.84
Gaines,2016-2017,13.09
Gaines,2015-2016,8.62
Gaines,2011-2012,5.16
Gaines,2010-2011,5.78
Galveston,2016-2017,1.8
Galveston,2018-2019,2.39
Galveston,2011-2012,1.34
Galveston,2014-2015,1.87
Galveston,2013-2014,1.76
Galveston,2015-2016,1.54
Galveston,2010-2011,1.16
Galveston,2012-2013,1.3
Galveston,2019-2020,2.37
Galveston,2017-2018,2.34
Garza,2019-2020,3.03
Garza,2018-2019,2.12
Garza,2011-2012,0
Garza,2013-2014,0
Garza,2017-2018,0
Garza,2015-2016,1.81
Garza,2012-2013,1.14
Garza,2014-2015,1.11
Garza,2010-2011,0
Garza,2016-2017,0
Gillespie,2014-2015,1.77
Gillespie,2010-2011,0.71
Gillespie,2015-2016,2
Gillespie,2013-2014,1.03
Gillespie,2012-2013,3.41
Gillespie,2011-2012,1.2
Gillespie,2017-2018,5.95
Gillespie,2018-2019,9.67
Gillespie,2019-2020,6.16
Gillespie,2016-2017,2.41
Glasscock,2016-2017,0
Glasscock,2015-2016,0
Glasscock,2012-2013,0
Glasscock,2018-2019,5
Glasscock,2014-2015,0
Glasscock,2011-2012,0
Glasscock,2017-2018,4.34
Glasscock,2013-2014,0
Glasscock,2019-2020,5
Glasscock,2010-2011,0
Goliad,2014-2015,0
Goliad,2015-2016,1.13
Goliad,2011-2012,0
Goliad,2016-2017,0
Goliad,2013-2014,0.99
Goliad,2018-2019,2.08
Goliad,2017-2018,1.36
Goliad,2012-2013,0.95
Goliad,2019-2020,2.56
Goliad,2010-2011,2.56
Gonzales,2019-2020,1.15
Gonzales,2012-2013,0.3
Gonzales,2014-2015,0
Gonzales,2013-2014,0.31
Gonzales,2016-2017,0.34
Gonzales,2018-2019,0.98
Gonzales,2017-2018,1.11
Gonzales,2011-2012,0.83
Gonzales,2010-2011,0
Gonzales,2015-2016,0.66
Gray,2016-2017,0.74
Gray,2012-2013,0.29
Gray,2017-2018,1.35
Gray,2010-2011,0.59
Gray,2011-2012,0.56
Gray,2018-2019,1.48
Gray,2014-2015,0.27
Gray,2015-2016,0.34
Gray,2019-2020,0.7
Gray,2013-2014,0
Grayson,2015-2016,1.93
Grayson,2014-2015,1.64
Grayson,2011-2012,0.9
Grayson,2012-2013,1.67
Grayson,2018-2019,2.93
Grayson,2013-2014,1.16
Grayson,2017-2018,1.68
Grayson,2016-2017,1.98
Grayson,2019-2020,3.42
Grayson,2010-2011,0.78
Gregg,2010-2011,1.02
Gregg,2011-2012,1.28
Gregg,2014-2015,0.92
Gregg,2012-2013,2.15
Gregg,2017-2018,1.62
Gregg,2018-2019,2
Gregg,2015-2016,1.63
Gregg,2016-2017,0.87
Gregg,2019-2020,2.19
Gregg,2013-2014,0.81
Grimes,2016-2017,1.49
Grimes,2012-2013,0
Grimes,2014-2015,0.3
Grimes,2013-2014,0.88
Grimes,2011-2012,0.29
Grimes,2010-2011,0
Grimes,2015-2016,2.55
Grimes,2019-2020,2.11
Grimes,2018-2019,2.2
Grimes,2017-2018,1.32
Guadalupe,2012-2013,1.19
Guadalupe,2019-2020,1.85
Guadalupe,2015-2016,1.53
Guadalupe,2016-2017,1.56
Guadalupe,2014-2015,1.32
Guadalupe,2013-2014,1.18
Guadalupe,2017-2018,1.67
Guadalupe,2010-2011,0.84
Guadalupe,2018-2019,1.71
Guadalupe,2011-2012,0.82
Hale,2015-2016,0
Hale,2017-2018,0.38
Hale,2018-2019,1.44
Hale,2011-2012,0.49
Hale,2019-2020,1.38
Hale,2014-2015,1.16
Hale,2012-2013,0.15
Hale,2013-2014,0.17
Hale,2016-2017,1.18
Hale,2010-2011,0.3
Hall,2018-2019,0
Hall,2017-2018,0
Hall,2016-2017,0
Hall,2015-2016,0
Hall,2019-2020,2.27
Hall,2014-2015,0
Hall,2010-2011,0
Hall,2012-2013,0
Hall,2011-2012,0
Hall,2013-2014,0
Hamilton,2018-2019,4.54
Hamilton,2011-2012,0
Hamilton,2017-2018,2.83
Hamilton,2016-2017,0.98
Hamilton,2014-2015,0
Hamilton,2012-2013,6.06
Hamilton,2015-2016,1.05
Hamilton,2010-2011,3.52
Hamilton,2019-2020,0
Hamilton,2013-2014,2.8
Hansford,2010-2011,0.76
Hansford,2019-2020,1.94
Hansford,2018-2019,0
Hansford,2017-2018,4
Hansford,2014-2015,2.24
Hansford,2011-2012,0.95
Hansford,2016-2017,1.14
Hansford,2012-2013,0.96
Hansford,2015-2016,0
Hansford,2013-2014,1.8
Hardeman,2018-2019,2.12
Hardeman,2012-2013,1.75
Hardeman,2014-2015,2.27
Hardeman,2019-2020,3.22
Hardeman,2017-2018,0
Hardeman,2013-2014,0
Hardeman,2016-2017,5.26
Hardeman,2011-2012,0
Hardeman,2015-2016,2.08
Hardeman,2010-2011,1.63
Hardin,2013-2014,1.23
Hardin,2014-2015,0
Hardin,2012-2013,0.85
Hardin,2011-2012,0.74
Hardin,2015-2016,1.23
Hardin,2016-2017,2.2
Hardin,2019-2020,3.03
Hardin,2018-2019,4.72
Hardin,2010-2011,1.42
Hardin,2017-2018,1.85
Harris,2016-2017,1.06
Harris,2019-2020,1.5
Harris,2012-2013,0.73
Harris,2014-2015,0.85
Harris,2018-2019,1.52
Harris,2017-2018,1.35
Harris,2011-2012,0.61
Harris,2013-2014,0.83
Harris,2015-2016,0.86
Harris,2010-2011,0.54
Harrison,2014-2015,0.76
Harrison,2011-2012,0.67
Harrison,2013-2014,1.13
Harrison,2016-2017,0.95
Harrison,2012-2013,0.56
Harrison,2015-2016,0.71
Harrison,2017-2018,1.33
Harrison,2018-2019,1.21
Harrison,2010-2011,0.47
Harrison,2019-2020,2.41
Hartley,2010-2011,4
Hartley,2014-2015,0
Hartley,2011-2012,0
Hartley,2015-2016,10.34
Hartley,2016-2017,4
Hartley,2013-2014,2.7
Hartley,2018-2019,0
Hartley,2019-2020,3.33
Hartley,2012-2013,0
Hartley,2017-2018,2.77
Haskell,2011-2012,0
Haskell,2013-2014,1.12
Haskell,2010-2011,0
Haskell,2019-2020,3.84
Haskell,2016-2017,1.44
Haskell,2012-2013,0
Haskell,2018-2019,1.78
Haskell,2015-2016,0
Haskell,2014-2015,1.42
Haskell,2017-2018,1.81
Hays,2016-2017,3.35
Hays,2011-2012,2.13
Hays,2015-2016,2.75
Hays,2017-2018,3.16
Hays,2013-2014,2.82
Hays,2010-2011,2.07
Hays,2018-2019,3.13
Hays,2012-2013,3.59
Hays,2014-2015,2.77
Hays,2019-2020,3.48
Hemphill,2014-2015,4.1
Hemphill,2015-2016,2.5
Hemphill,2018-2019,1.81
Hemphill,2010-2011,1.28
Hemphill,2012-2013,1.05
Hemphill,2019-2020,0
Hemphill,2013-2014,0
Hemphill,2017-2018,1.66
Hemphill,2011-2012,1.38
Hemphill,2016-2017,2.81
Henderson,2017-2018,2.23
Henderson,2015-2016,1.65
Henderson,2018-2019,2.57
Henderson,2011-2012,0.66
Henderson,2010-2011,1.07
Henderson,2016-2017,1.99
Henderson,2013-2014,0.79
Henderson,2014-2015,1.59
Henderson,2012-2013,0.68
Henderson,2019-2020,2.98
Hidalgo,2010-2011,0.16
Hidalgo,2013-2014,0.19
Hidalgo,2011-2012,0.12
Hidalgo,2016-2017,0.34
Hidalgo,2014-2015,0.11
Hidalgo,2015-2016,0.23
Hidalgo,2017-2018,0.41
Hidalgo,2012-2013,0.14
Hidalgo,2018-2019,0.69
Hidalgo,2019-2020,0.63
Hill,2012-2013,1.09
Hill,2013-2014,0.71
Hill,2019-2020,2.89
Hill,2014-2015,0.22
Hill,2011-2012,1.27
Hill,2016-2017,0.62
Hill,2015-2016,1.12
Hill,2018-2019,2.05
Hill,2017-2018,1.63
Hill,2010-2011,0.41
Hockley,2016-2017,0.84
Hockley,2012-2013,0.77
Hockley,2015-2016,0.51
Hockley,2018-2019,1.45
Hockley,2013-2014,0
Hockley,2017-2018,0.83
Hockley,2019-2020,1.5
Hockley,2010-2011,0.81
Hockley,2014-2015,0
Hockley,2011-2012,1.41
Hood,2019-2020,5.08
Hood,2014-2015,1.69
Hood,2012-2013,2
Hood,2010-2011,7.38
Hood,2016-2017,2.81
Hood,2017-2018,2.63
Hood,2011-2012,1.39
Hood,2018-2019,3.71
Hood,2015-2016,3.73
Hood,2013-2014,2.5
Hopkins,2017-2018,0.88
Hopkins,2014-2015,0.65
Hopkins,2018-2019,2.25
Hopkins,2016-2017,1.05
Hopkins,2019-2020,1.48
Hopkins,2012-2013,0.8
Hopkins,2010-2011,0.78
Hopkins,2015-2016,0.93
Hopkins,2011-2012,0.83
Hopkins,2013-2014,1.03
Houston,2010-2011,0.46
Houston,2015-2016,1.5
Houston,2016-2017,1.76
Houston,2017-2018,2.76
Houston,2014-2015,0
Houston,2019-2020,3.61
Houston,2011-2012,0
Houston,2013-2014,0.47
Houston,2012-2013,0
Houston,2018-2019,2.45
Howard,2013-2014,0.84
Howard,2017-2018,1.09
Howard,2018-2019,2.53
Howard,2019-2020,0.6
Howard,2010-2011,0.43
Howard,2011-2012,0.9
Howard,2012-2013,0.56
Howard,2014-2015,1.05
Howard,2015-2016,0.87
Howard,2016-2017,1.72
Hudspeth,2010-2011,0
Hudspeth,2015-2016,0
Hudspeth,2019-2020,0
Hudspeth,2012-2013,0
Hudspeth,2018-2019,0
Hudspeth,2017-2018,0
Hudspeth,2014-2015,0
Hudspeth,2016-2017,4.65
Hudspeth,2011-2012,0
Hudspeth,2013-2014,0
Hunt,2016-2017,0.95
Hunt,2018-2019,2.14
Hunt,2017-2018,1.28
Hunt,2012-2013,0.9
Hunt,2010-2011,0.55
Hunt,2013-2014,1.01
Hunt,2014-2015,0.98
Hunt,2019-2020,2.06
Hunt,2015-2016,1.05
Hunt,2011-2012,1.29
Hutchinson,2012-2013,0.92
Hutchinson,2019-2020,3.72
Hutchinson,2017-2018,3.13
Hutchinson,2015-2016,0.36
Hutchinson,2018-2019,2.06
Hutchinson,2014-2015,1.26
Hutchinson,2010-2011,0.84
Hutchinson,2016-2017,1.75
Hutchinson,2013-2014,0.97
Hutchinson,2011-2012,0.33
Irion,2011-2012,0
Irion,2017-2018,0
Irion,2019-2020,3.84
Irion,2010-2011,0
Irion,2016-2017,0
Irion,2015-2016,0
Irion,2014-2015,0
Irion,2012-2013,12.5
Irion,2018-2019,4.54
Irion,2013-2014,0
Jack,2019-2020,4.76
Jack,2015-2016,2.65
Jack,2011-2012,0
Jack,2013-2014,0
Jack,2018-2019,2.5
Jack,2017-2018,0.9
Jack,2012-2013,3.17
Jack,2016-2017,2.58
Jack,2014-2015,0
Jack,2010-2011,0
Jackson,2016-2017,1.33
Jackson,2015-2016,0.38
Jackson,2018-2019,1.52
Jackson,2014-2015,1.83
Jackson,2017-2018,0.88
Jackson,2010-2011,0.4
Jackson,2013-2014,1.03
Jackson,2019-2020,1.22
Jackson,2012-2013,0.39
Jackson,2011-2012,0.82
Jasper,2015-2016,1.41
Jasper,2018-2019,2.63
Jasper,2012-2013,1.35
Jasper,2016-2017,1.18
Jasper,2011-2012,1.96
Jasper,2013-2014,1.11
Jasper,2017-2018,3.27
Jasper,2019-2020,6.49
Jasper,2010-2011,0.83
Jasper,2014-2015,1.31
Jeff Davis,2016-2017,0
Jeff Davis,2017-2018,11.76
Jeff Davis,2010-2011,5.88
Jeff Davis,2013-2014,0
Jeff Davis,2014-2015,0
Jeff Davis,2015-2016,0
Jeff Davis,2018-2019,12.5
Jeff Davis,2019-2020,7.69
Jeff Davis,2012-2013,0
Jeff Davis,2011-2012,0
Jefferson,2017-2018,1.32
Jefferson,2016-2017,0.68
Jefferson,2018-2019,1.6
Jefferson,2019-2020,1.68
Jefferson,2013-2014,0.7
Jefferson,2015-2016,0.83
Jefferson,2011-2012,0.67
Jefferson,2014-2015,0.81
Jefferson,2012-2013,0.5
Jefferson,2010-2011,0.52
Jim Hogg,2013-2014,0
Jim Hogg,2019-2020,0
Jim Hogg,2015-2016,0
Jim Hogg,2014-2015,0.99
Jim Hogg,2016-2017,0
Jim Hogg,2018-2019,1.11
Jim Hogg,2017-2018,0
Jim Hogg,2012-2013,0
Jim Hogg,2010-2011,0
Jim Hogg,2011-2012,0
Jim Wells,2010-2011,0
Jim Wells,2018-2019,0.66
Jim Wells,2019-2020,1.98
Jim Wells,2013-2014,0
Jim Wells,2012-2013,0
Jim Wells,2017-2018,0.55
Jim Wells,2015-2016,0.33
Jim Wells,2016-2017,0.16
Jim Wells,2011-2012,0.14
Jim Wells,2014-2015,0
Johnson,2014-2015,1.6
Johnson,2016-2017,2.61
Johnson,2011-2012,1.02
Johnson,2012-2013,1.69
Johnson,2015-2016,2.32
Johnson,2010-2011,1.26
Johnson,2013-2014,1.59
Johnson,2019-2020,4.02
Johnson,2018-2019,3.87
Johnson,2017-2018,3.2
Jones,2016-2017,1.63
Jones,2019-2020,0.97
Jones,2017-2018,0
Jones,2010-2011,0
Jones,2014-2015,0.99
Jones,2012-2013,0
Jones,2011-2012,0.52
Jones,2015-2016,0.47
Jones,2018-2019,0.5
Jones,2013-2014,0
Karnes,2012-2013,0
Karnes,2013-2014,0.58
Karnes,2016-2017,0
Karnes,2019-2020,1
Karnes,2018-2019,0
Karnes,2014-2015,0.54
Karnes,2015-2016,0
Karnes,2017-2018,0.55
Karnes,2010-2011,0.56
Karnes,2011-2012,0.56
Kaufman,2019-2020,3.59
Kaufman,2016-2017,1.84
Kaufman,2017-2018,2.11
Kaufman,2011-2012,0.79
Kaufman,2014-2015,1.19
Kaufman,2018-2019,2.22
Kaufman,2010-2011,1.05
Kaufman,2015-2016,1.2
Kaufman,2012-2013,1.05
Kaufman,2013-2014,1.13
Kendall,2014-2015,3.31
Kendall,2019-2020,5.41
Kendall,2010-2011,9.92
Kendall,2015-2016,2.67
Kendall,2012-2013,5.27
Kendall,2016-2017,3.25
Kendall,2018-2019,5.71
Kendall,2017-2018,3.97
Kendall,2013-2014,3.45
Kendall,2011-2012,3.14
Kenedy,2016-2017,0
Kenedy,2012-2013,0
Kenedy,2013-2014,0
Kenedy,2014-2015,0
Kenedy,2010-2011,0
Kenedy,2011-2012,0
Kenedy,2019-2020,0
Kenedy,2018-2019,0
Kenedy,2015-2016,0
Kenedy,2017-2018,0
Kent,2017-2018,
Kent,2016-2017,0
Kent,2015-2016,10
Kent,2012-2013,0
Kent,2018-2019,
Kent,2019-2020,0
Kent,2013-2014,11.11
Kent,2010-2011,0
Kent,2014-2015,0
Kent,2011-2012,0
Kerr,2012-2013,1.56
Kerr,2015-2016,2.68
Kerr,2016-2017,1.93
Kerr,2010-2011,1.13
Kerr,2014-2015,2.32
Kerr,2017-2018,1.94
Kerr,2011-2012,1.51
Kerr,2018-2019,5.36
Kerr,2019-2020,4.39
Kerr,2013-2014,2.19
Kimble,2014-2015,0
Kimble,2011-2012,0
Kimble,2012-2013,0
Kimble,2016-2017,0
Kimble,2019-2020,2.08
Kimble,2018-2019,4.16
Kimble,2017-2018,2.7
Kimble,2015-2016,0
Kimble,2010-2011,2
Kimble,2013-2014,0
King,2013-2014,0
King,2011-2012,0
King,2018-2019,16.66
King,2015-2016,0
King,2014-2015,16.66
King,2012-2013,0
King,2019-2020,11.11
King,2010-2011,0
King,2016-2017,0
King,2017-2018,14.28
Kinney,2010-2011,0
Kinney,2011-2012,0
Kinney,2014-2015,2.7
Kinney,2019-2020,0
Kinney,2016-2017,0
Kinney,2017-2018,0
Kinney,2012-2013,4.76
Kinney,2013-2014,0
Kinney,2018-2019,2.63
Kinney,2015-2016,0
Kleberg,2015-2016,1.04
Kleberg,2012-2013,0.49
Kleberg,2017-2018,0.52
Kleberg,2010-2011,0.47
Kleberg,2013-2014,0.71
Kleberg,2011-2012,0.48
Kleberg,2018-2019,1.03
Kleberg,2016-2017,0
Kleberg,2019-2020,1.11
Kleberg,2014-2015,0
Knox,2017-2018,0
Knox,2010-2011,0
Knox,2019-2020,0
Knox,2014-2015,0
Knox,2016-2017,0
Knox,2018-2019,0
Knox,2013-2014,0
Knox,2012-2013,1.4
Knox,2015-2016,0
Knox,2011-2012,0
La Salle,2016-2017,0
La Salle,2018-2019,0
La Salle,2019-2020,0
La Salle,2011-2012,0
La Salle,2015-2016,0
La Salle,2017-2018,0
La Salle,2012-2013,0
La Salle,2014-2015,
La Salle,2010-2011,0
La Salle,2013-2014,0
Lamar,2011-2012,0.77
Lamar,2018-2019,2.46
Lamar,2012-2013,0.29
Lamar,2016-2017,1.38
Lamar,2015-2016,1.48
Lamar,2010-2011,0.44
Lamar,2019-2020,1.91
Lamar,2017-2018,1.3
Lamar,2014-2015,0.55
Lamar,2013-2014,0.85
Lamb,2016-2017,0
Lamb,2018-2019,0
Lamb,2017-2018,1.42
Lamb,2012-2013,0
Lamb,2010-2011,0
Lamb,2014-2015,0
Lamb,2019-2020,0
Lamb,2011-2012,0
Lamb,2013-2014,0
Lamb,2015-2016,0.4
Lampasas,2014-2015,2.97
Lampasas,2010-2011,1.35
Lampasas,2011-2012,1.58
Lampasas,2015-2016,2.23
Lampasas,2013-2014,8.96
Lampasas,2017-2018,3.66
Lampasas,2016-2017,2.77
Lampasas,2019-2020,4.31
Lampasas,2012-2013,1.45
Lampasas,2018-2019,5.71
Lavaca,2018-2019,2.8
Lavaca,2012-2013,0.35
Lavaca,2013-2014,0
Lavaca,2019-2020,1.73
Lavaca,2014-2015,1.63
Lavaca,2011-2012,0
Lavaca,2017-2018,1.24
Lavaca,2016-2017,1.35
Lavaca,2015-2016,0.65
Lavaca,2010-2011,0.3
Lee,2018-2019,1.31
Lee,2014-2015,1.14
Lee,2015-2016,1.22
Lee,2012-2013,0.41
Lee,2013-2014,0.77
Lee,2010-2011,1.76
Lee,2019-2020,0.81
Lee,2016-2017,0.94
Lee,2011-2012,1.66
Lee,2017-2018,2.13
Leon,2011-2012,0.43
Leon,2018-2019,0
Leon,2014-2015,0.41
Leon,2013-2014,0
Leon,2016-2017,2.55
Leon,2012-2013,0
Leon,2019-2020,1.42
Leon,2010-2011,0.39
Leon,2015-2016,0.43
Leon,2017-2018,1.64
Liberty,2011-2012,0.28
Liberty,2013-2014,0.45
Liberty,2015-2016,0.81
Liberty,2018-2019,1.17
Liberty,2010-2011,0.49
Liberty,2019-2020,1.4
Liberty,2014-2015,0.85
Liberty,2016-2017,0.86
Liberty,2017-2018,1.75
Liberty,2012-2013,0.52
Limestone,2018-2019,0.37
Limestone,2014-2015,0
Limestone,2013-2014,0
Limestone,2017-2018,1.04
Limestone,2019-2020,1.4
Limestone,2010-2011,0.33
Limestone,2016-2017,0
Limestone,2012-2013,0.29
Limestone,2015-2016,0.68
Limestone,2011-2012,0
Lipscomb,2016-2017,0
Lipscomb,2013-2014,0
Lipscomb,2017-2018,2.12
Lipscomb,2011-2012,0
Lipscomb,2012-2013,0
Lipscomb,2018-2019,3.5
Lipscomb,2015-2016,1.53
Lipscomb,2010-2011,0
Lipscomb,2014-2015,0
Lipscomb,2019-2020,0
Live Oak,2011-2012,0.84
Live Oak,2018-2019,0.81
Live Oak,2013-2014,0
Live Oak,2016-2017,0.78
Live Oak,2012-2013,0
Live Oak,2015-2016,0.76
Live Oak,2019-2020,0
Live Oak,2014-2015,1.31
Live Oak,2010-2011,0.83
Live Oak,2017-2018,1.49
Llano,2012-2013,1.49
Llano,2013-2014,1.93
Llano,2018-2019,1.73
Llano,2017-2018,1.69
Llano,2019-2020,3.75
Llano,2014-2015,2.85
Llano,2011-2012,0.74
Llano,2016-2017,1.78
Llano,2015-2016,3.03
Llano,2010-2011,0.66
Loving,2016-2017,
Loving,2019-2020,
Loving,2017-2018,
Loving,2011-2012,
Loving,2015-2016,
Loving,2012-2013,
Loving,2013-2014,
Loving,2018-2019,
Loving,2014-2015,
Loving,2010-2011,
Lubbock,2018-2019,1.76
Lubbock,2015-2016,1.35
Lubbock,2016-2017,1.56
Lubbock,2012-2013,1
Lubbock,2017-2018,1.79
Lubbock,2019-2020,2.04
Lubbock,2011-2012,1.31
Lubbock,2010-2011,0.83
Lubbock,2014-2015,1.29
Lubbock,2013-2014,1.14
Lynn,2014-2015,1.73
Lynn,2011-2012,0.84
Lynn,2015-2016,1.86
Lynn,2010-2011,1.05
Lynn,2016-2017,1.8
Lynn,2019-2020,1.61
Lynn,2018-2019,4.39
Lynn,2013-2014,0.86
Lynn,2017-2018,4.16
Lynn,2012-2013,2.18
Madison,2019-2020,0
Madison,2018-2019,0.52
Madison,2011-2012,1.15
Madison,2016-2017,0.53
Madison,2012-2013,0
Madison,2015-2016,0.5
Madison,2010-2011,0
Madison,2014-2015,0.46
Madison,2013-2014,0
Madison,2017-2018,0.56
Marion,2016-2017,1.2
Marion,2011-2012,0
Marion,2017-2018,0
Marion,2010-2011,0
Marion,2015-2016,0
Marion,2014-2015,0
Marion,2012-2013,0
Marion,2019-2020,0
Marion,2018-2019,2.12
Marion,2013-2014,1.05
Martin,2017-2018,3.88
Martin,2014-2015,11.76
Martin,2012-2013,1.16
Martin,2015-2016,1.92
Martin,2018-2019,4.08
Martin,2010-2011,1.17
Martin,2016-2017,1.08
Martin,2011-2012,2.85
Martin,2019-2020,3.41
Martin,2013-2014,2.83
Mason,2016-2017,6
Mason,2015-2016,2.85
Mason,2013-2014,1.63
Mason,2014-2015,0
Mason,2017-2018,6.34
Mason,2018-2019,2.04
Mason,2019-2020,3.17
Mason,2010-2011,1.85
Mason,2011-2012,0
Mason,2012-2013,2
Matagorda,2015-2016,1.44
Matagorda,2017-2018,1.33
Matagorda,2011-2012,1.42
Matagorda,2016-2017,1.1
Matagorda,2010-2011,3.53
Matagorda,2013-2014,0.5
Matagorda,2014-2015,0.18
Matagorda,2018-2019,1.17
Matagorda,2019-2020,1.78
Matagorda,2012-2013,0.92
Maverick,2012-2013,0.09
Maverick,2016-2017,0.2
Maverick,2011-2012,0
Maverick,2017-2018,0.19
Maverick,2014-2015,0.09
Maverick,2019-2020,0.19
Maverick,2013-2014,0.26
Maverick,2015-2016,0.19
Maverick,2018-2019,0.28
Maverick,2010-2011,0.09
McCulloch,2011-2012,2.97
McCulloch,2015-2016,1.7
McCulloch,2016-2017,2
McCulloch,2017-2018,2.91
McCulloch,2018-2019,2.97
McCulloch,2014-2015,2.72
McCulloch,2013-2014,0.81
McCulloch,2012-2013,1.43
McCulloch,2010-2011,0
McCulloch,2019-2020,1.19
McLennan,2012-2013,0.27
McLennan,2017-2018,1.03
McLennan,2011-2012,0.33
McLennan,2015-2016,0.48
McLennan,2010-2011,0.44
McLennan,2018-2019,2.03
McLennan,2013-2014,0.41
McLennan,2016-2017,0.99
McLennan,2014-2015,0.56
McLennan,2019-2020,2.35
McMullen,2019-2020,
McMullen,2018-2019,0
McMullen,2012-2013,0
McMullen,2017-2018,0
McMullen,2015-2016,0
McMullen,2013-2014,0
McMullen,2016-2017,5.26
McMullen,2010-2011,0
McMullen,2014-2015,5.55
McMullen,2011-2012,5.55
Medina,2017-2018,1.24
Medina,2015-2016,0.74
Medina,2016-2017,0.83
Medina,2014-2015,1.66
Medina,2019-2020,1.41
Medina,2012-2013,0.63
Medina,2018-2019,0.81
Medina,2013-2014,1.04
Medina,2010-2011,0.3
Medina,2011-2012,0.15
Menard,2012-2013,0
Menard,2018-2019,0
Menard,2015-2016,4.54
Menard,2013-2014,0
Menard,2019-2020,0
Menard,2016-2017,0
Menard,2014-2015,0
Menard,2010-2011,0
Menard,2011-2012,0
Menard,2017-2018,0
Midland,2019-2020,1.95
Midland,2011-2012,0.36
Midland,2016-2017,1.14
Midland,2017-2018,1.07
Midland,2012-2013,0.2
Midland,2015-2016,0.93
Midland,2018-2019,1.61
Midland,2013-2014,2.05
Midland,2010-2011,0.57
Midland,2014-2015,0.85
Milam,2016-2017,0.91
Milam,2013-2014,1.36
Milam,2014-2015,1.95
Milam,2012-2013,0
Milam,2019-2020,1.25
Milam,2018-2019,1.69
Milam,2011-2012,0.31
Milam,2010-2011,0.28
Milam,2017-2018,1
Milam,2015-2016,1.2
Mills,2019-2020,2
Mills,2013-2014,3.44
Mills,2017-2018,0
Mills,2015-2016,1.85
Mills,2016-2017,1.88
Mills,2010-2011,0
Mills,2018-2019,0
Mills,2014-2015,1.81
Mills,2011-2012,0
Mills,2012-2013,0
Mitchell,2016-2017,0
Mitchell,2018-2019,0
Mitchell,2019-2020,0
Mitchell,2013-2014,0.91
Mitchell,2015-2016,0
Mitchell,2017-2018,0
Mitchell,2012-2013,0
Mitchell,2014-2015,0.8
Mitchell,2011-2012,0
Mitchell,2010-2011,0
Montague,2017-2018,4.52
Montague,2016-2017,4.07
Montague,2012-2013,1.17
Montague,2015-2016,2.91
Montague,2013-2014,1.16
Montague,2014-2015,0
Montague,2018-2019,7.39
Montague,2019-2020,7.01
Montague,2010-2011,1.14
Montague,2011-2012,0.42
Montgomery,2016-2017,2.66
Montgomery,2019-2020,4.01
Montgomery,2014-2015,2.51
Montgomery,2018-2019,2.96
Montgomery,2010-2011,1.65
Montgomery,2017-2018,3.2
Montgomery,2011-2012,2.43
Montgomery,2012-2013,2.34
Montgomery,2013-2014,0.95
Montgomery,2015-2016,2.23
Moore,2016-2017,0
Moore,2013-2014,0.97
Moore,2014-2015,0.24
Moore,2018-2019,0.26
Moore,2011-2012,0.5
Moore,2019-2020,1.26
Moore,2015-2016,0.77
Moore,2012-2013,0.21
Moore,2017-2018,0.29
Moore,2010-2011,0.22
Morris,2013-2014,0
Morris,2014-2015,0
Morris,2011-2012,0
Morris,2010-2011,0
Morris,2018-2019,2.79
Morris,2015-2016,1.39
Morris,2012-2013,0
Morris,2019-2020,1.44
Morris,2016-2017,0
Morris,2017-2018,0.72
Motley,2014-2015,
Motley,2011-2012,0
Motley,2013-2014,0
Motley,2016-2017,10
Motley,2010-2011,0
Motley,2012-2013,0
Motley,2017-2018,0
Motley,2019-2020,0
Motley,2018-2019,11.11
Motley,2015-2016,0
Nacogdoches,2017-2018,1.2
Nacogdoches,2014-2015,0.12
Nacogdoches,2018-2019,1.91
Nacogdoches,2016-2017,1.63
Nacogdoches,2019-2020,1.16
Nacogdoches,2013-2014,1.16
Nacogdoches,2010-2011,0.22
Nacogdoches,2011-2012,1.13
Nacogdoches,2015-2016,0.89
Nacogdoches,2012-2013,1.1
Navarro,2018-2019,1.48
Navarro,2015-2016,0.28
Navarro,2019-2020,0.89
Navarro,2013-2014,0.43
Navarro,2016-2017,0.3
Navarro,2014-2015,0.27
Navarro,2012-2013,0.24
Navarro,2011-2012,0
Navarro,2010-2011,0.13
Navarro,2017-2018,0.61
Newton,2017-2018,2.96
Newton,2014-2015,3.07
Newton,2013-2014,0
Newton,2018-2019,0.72
Newton,2019-2020,5.64
Newton,2010-2011,1.32
Newton,2011-2012,1.73
Newton,2015-2016,0.78
Newton,2012-2013,0.67
Newton,2016-2017,1.3
Nolan,2012-2013,0
Nolan,2010-2011,0.37
Nolan,2013-2014,0.74
Nolan,2016-2017,0.96
Nolan,2017-2018,0.94
Nolan,2019-2020,0.82
Nolan,2018-2019,2.25
Nolan,2015-2016,1.51
Nolan,2011-2012,0.37
Nolan,2014-2015,0
Nueces,2017-2018,1.04
Nueces,2012-2013,0.79
Nueces,2016-2017,0.95
Nueces,2015-2016,0.76
Nueces,2011-2012,0.57
Nueces,2010-2011,0.39
Nueces,2014-2015,0.82
Nueces,2013-2014,0.88
Nueces,2019-2020,1.29
Nueces,2018-2019,1.38
Ochiltree,2018-2019,2.72
Ochiltree,2013-2014,0.51
Ochiltree,2010-2011,1.01
Ochiltree,2012-2013,1.11
Ochiltree,2019-2020,0
Ochiltree,2015-2016,0
Ochiltree,2017-2018,0
Ochiltree,2011-2012,0.57
Ochiltree,2016-2017,0.64
Ochiltree,2014-2015,0
Oldham,2018-2019,2.27
Oldham,2019-2020,1.78
Oldham,2011-2012,2.32
Oldham,2016-2017,2.27
Oldham,2012-2013,2.04
Oldham,2017-2018,4.87
Oldham,2013-2014,7.14
Oldham,2014-2015,5.88
Oldham,2015-2016,3.12
Oldham,2010-2011,0
Orange,2017-2018,2.62
Orange,2014-2015,1.68
Orange,2018-2019,3.95
Orange,2015-2016,1.49
Orange,2011-2012,0.62
Orange,2012-2013,2.38
Orange,2016-2017,2.28
Orange,2019-2020,3.97
Orange,2010-2011,0.57
Orange,2013-2014,0.73
Palo Pinto,2015-2016,0.85
Palo Pinto,2013-2014,1.58
Palo Pinto,2018-2019,2.57
Palo Pinto,2010-2011,0.82
Palo Pinto,2012-2013,0.51
Palo Pinto,2011-2012,1.51
Palo Pinto,2017-2018,2.4
Palo Pinto,2016-2017,2.03
Palo Pinto,2019-2020,4.07
Palo Pinto,2014-2015,0.59
Panola,2011-2012,0
Panola,2014-2015,0.39
Panola,2019-2020,1.53
Panola,2018-2019,1.45
Panola,2016-2017,1.79
Panola,2015-2016,0.36
Panola,2017-2018,2.64
Panola,2013-2014,1.06
Panola,2010-2011,0.27
Panola,2012-2013,0.34
Parker,2014-2015,3.14
Parker,2013-2014,1.83
Parker,2018-2019,4.92
Parker,2015-2016,2.22
Parker,2017-2018,3.3
Parker,2011-2012,1.01
Parker,2019-2020,4.9
Parker,2012-2013,1.58
Parker,2010-2011,0.52
Parker,2016-2017,2.85
Parmer,2011-2012,1.95
Parmer,2013-2014,1.88
Parmer,2019-2020,3.52
Parmer,2018-2019,1.12
Parmer,2015-2016,1.06
Parmer,2017-2018,0.69
Parmer,2010-2011,1.06
Parmer,2012-2013,0.55
Parmer,2014-2015,0.5
Parmer,2016-2017,1.09
Pecos,2012-2013,0.37
Pecos,2014-2015,0.69
Pecos,2013-2014,0.79
Pecos,2015-2016,0.41
Pecos,2016-2017,0.4
Pecos,2017-2018,0.49
Pecos,2018-2019,0.44
Pecos,2011-2012,0.88
Pecos,2010-2011,0
Pecos,2019-2020,1.26
Polk,2013-2014,0.19
Polk,2019-2020,0.79
Polk,2015-2016,1.54
Polk,2018-2019,1.8
Polk,2014-2015,1.49
Polk,2016-2017,1.7
Polk,2017-2018,1.73
Polk,2011-2012,0.54
Polk,2010-2011,0
Polk,2012-2013,0.51
Potter,2014-2015,1.19
Potter,2012-2013,2.09
Potter,2019-2020,1.84
Potter,2017-2018,1.5
Potter,2015-2016,1.17
Potter,2011-2012,1.36
Potter,2013-2014,1.25
Potter,2010-2011,1.35
Potter,2016-2017,1.53
Potter,2018-2019,1.64
Presidio,2011-2012,1.92
Presidio,2012-2013,0.84
Presidio,2010-2011,0.79
Presidio,2014-2015,0
Presidio,2015-2016,0
Presidio,2016-2017,0.86
Presidio,2017-2018,1.03
Presidio,2019-2020,2.04
Presidio,2018-2019,1.13
Presidio,2013-2014,0
Rains,2012-2013,2.34
Rains,2019-2020,8.33
Rains,2010-2011,0
Rains,2014-2015,1.86
Rains,2015-2016,1.61
Rains,2013-2014,1.68
Rains,2016-2017,4.76
Rains,2018-2019,3.84
Rains,2011-2012,0
Rains,2017-2018,
Randall,2017-2018,2.23
Randall,2010-2011,1.38
Randall,2011-2012,1.38
Randall,2018-2019,2.84
Randall,2019-2020,3.44
Randall,2014-2015,3.3
Randall,2016-2017,2.39
Randall,2013-2014,3.4
Randall,2012-2013,1.83
Randall,2015-2016,1.61
Reagan,2017-2018,0
Reagan,2018-2019,0
Reagan,2016-2017,0
Reagan,2011-2012,0
Reagan,2010-2011,0
Reagan,2013-2014,1.38
Reagan,2015-2016,0
Reagan,2012-2013,0
Reagan,2014-2015,0
Reagan,2019-2020,0
Real,2015-2016,4.16
Real,2012-2013,0
Real,2014-2015,0
Real,2016-2017,0
Real,2018-2019,0
Real,2017-2018,0
Real,2013-2014,0
Real,2019-2020,0
Real,2010-2011,7.4
Real,2011-2012,0
Red River,2016-2017,0.67
Red River,2015-2016,1.41
Red River,2012-2013,2.72
Red River,2017-2018,1.37
Red River,2018-2019,2.81
Red River,2019-2020,2.04
Red River,2014-2015,0.62
Red River,2011-2012,0
Red River,2010-2011,0.73
Red River,2013-2014,0.52
Reeves,2017-2018,0.5
Reeves,2018-2019,0
Reeves,2013-2014,0
Reeves,2012-2013,0.48
Reeves,2010-2011,0.65
Reeves,2011-2012,0
Reeves,2019-2020,1.2
Reeves,2014-2015,0.44
Reeves,2015-2016,1.05
Reeves,2016-2017,1.5
Refugio,2018-2019,4.93
Refugio,2019-2020,3.79
Refugio,2015-2016,0
Refugio,2013-2014,0
Refugio,2014-2015,1.04
Refugio,2011-2012,0.99
Refugio,2016-2017,3.96
Refugio,2012-2013,2.75
Refugio,2017-2018,1.05
Refugio,2010-2011,0
Roberts,2011-2012,0
Roberts,2013-2014,0
Roberts,2017-2018,0
Roberts,2018-2019,0
Roberts,2016-2017,0
Roberts,2019-2020,0
Roberts,2014-2015,0
Roberts,2015-2016,0
Roberts,2012-2013,0
Roberts,2010-2011,0
Robertson,2012-2013,0.36
Robertson,2010-2011,0.82
Robertson,2019-2020,2.89
Robertson,2016-2017,1.32
Robertson,2013-2014,0.39
Robertson,2017-2018,0.89
Robertson,2015-2016,0.4
Robertson,2014-2015,0.5
Robertson,2011-2012,1.27
Robertson,2018-2019,1.28
Rockwall,2010-2011,1.41
Rockwall,2015-2016,1.82
Rockwall,2011-2012,2.43
Rockwall,2018-2019,4.35
Rockwall,2012-2013,2.43
Rockwall,2017-2018,3.32
Rockwall,2019-2020,5.07
Rockwall,2014-2015,2.65
Rockwall,2016-2017,3.2
Rockwall,2013-2014,1.87
Runnels,2016-2017,0.71
Runnels,2015-2016,2.89
Runnels,2019-2020,0
Runnels,2014-2015,1.48
Runnels,2010-2011,1.33
Runnels,2011-2012,0
Runnels,2012-2013,0
Runnels,2013-2014,0
Runnels,2018-2019,0.79
Runnels,2017-2018,0.76
Rusk,2014-2015,0.39
Rusk,2015-2016,0.22
Rusk,2016-2017,0.42
Rusk,2011-2012,0.79
Rusk,2017-2018,0.65
Rusk,2019-2020,2.66
Rusk,2012-2013,0.3
Rusk,2010-2011,0.49
Rusk,2018-2019,1.35
Rusk,2013-2014,0
Sabine,2010-2011,0
Sabine,2018-2019,4.27
Sabine,2014-2015,0.68
Sabine,2019-2020,2.75
Sabine,2012-2013,0.7
Sabine,2015-2016,0.7
Sabine,2017-2018,2.47
Sabine,2016-2017,2.23
Sabine,2013-2014,0
Sabine,2011-2012,0
San Augustine,2016-2017,1.33
San Augustine,2018-2019,1.42
San Augustine,2017-2018,2.32
San Augustine,2011-2012,1.04
San Augustine,2013-2014,3.44
San Augustine,2019-2020,6.25
San Augustine,2014-2015,1.07
San Augustine,2015-2016,1.19
San Augustine,2010-2011,0.98
San Augustine,2012-2013,0.98
San Jacinto,2013-2014,0.4
San Jacinto,2019-2020,3.38
San Jacinto,2014-2015,0.77
San Jacinto,2012-2013,0.82
San Jacinto,2017-2018,0.86
San Jacinto,2015-2016,0.88
San Jacinto,2018-2019,3.77
San Jacinto,2010-2011,0.43
San Jacinto,2011-2012,0
San Jacinto,2016-2017,0.4
San Patricio,2010-2011,0.09
San Patricio,2012-2013,0.18
San Patricio,2014-2015,0.84
San Patricio,2015-2016,0.89
San Patricio,2013-2014,0.44
San Patricio,2016-2017,0.71
San Patricio,2011-2012,0.68
San Patricio,2017-2018,1.67
San Patricio,2019-2020,0.8
San Patricio,2018-2019,0.81
San Saba,2011-2012,2.89
San Saba,2016-2017,3.03
San Saba,2017-2018,3.79
San Saba,2012-2013,2.43
San Saba,2013-2014,0
San Saba,2015-2016,3.57
San Saba,2019-2020,2.73
San Saba,2010-2011,2.98
San Saba,2014-2015,0
San Saba,2018-2019,5.33
Schleicher,2015-2016,0
Schleicher,2011-2012,2.5
Schleicher,2017-2018,
Schleicher,2010-2011,0
Schleicher,2018-2019,0
Schleicher,2019-2020,0
Schleicher,2014-2015,0
Schleicher,2013-2014,0
Schleicher,2012-2013,0
Schleicher,2016-2017,0
Scurry,2014-2015,0
Scurry,2011-2012,0.34
Scurry,2012-2013,0
Scurry,2019-2020,0.87
Scurry,2015-2016,0
Scurry,2016-2017,0.51
Scurry,2010-2011,0
Scurry,2013-2014,0
Scurry,2017-2018,0.4
Scurry,2018-2019,0.89
Shackelford,2014-2015,3.92
Shackelford,2017-2018,4.25
Shackelford,2010-2011,0
Shackelford,2012-2013,2.04
Shackelford,2019-2020,4.87
Shackelford,2016-2017,4.34
Shackelford,2015-2016,3.77
Shackelford,2011-2012,2
Shackelford,2013-2014,2
Shackelford,2018-2019,6.12
Shelby,2011-2012,0
Shelby,2018-2019,1.39
Shelby,2010-2011,0
Shelby,2013-2014,0.49
Shelby,2019-2020,0.89
Shelby,2015-2016,0
Shelby,2014-2015,0
Shelby,2017-2018,0.58
Shelby,2016-2017,0.55
Shelby,2012-2013,0
Sherman,2015-2016,0
Sherman,2017-2018,3.12
Sherman,2011-2012,0
Sherman,2019-2020,0
Sherman,2016-2017,0
Sherman,2013-2014,0
Sherman,2014-2015,0
Sherman,2010-2011,0
Sherman,2012-2013,0
Sherman,2018-2019,0
Smith,2018-2019,2.39
Smith,2013-2014,0.97
Smith,2012-2013,0.65
Smith,2015-2016,1.64
Smith,2017-2018,2.68
Smith,2011-2012,1
Smith,2014-2015,1.37
Smith,2016-2017,1.34
Smith,2019-2020,2.98
Smith,2010-2011,0.53
Somervell,2019-2020,7.14
Somervell,2014-2015,3.22
Somervell,2012-2013,0
Somervell,2013-2014,1.57
Somervell,2017-2018,3.84
Somervell,2010-2011,0
Somervell,2015-2016,3.87
Somervell,2016-2017,0
Somervell,2018-2019,5.22
Somervell,2011-2012,0.8
Starr,2010-2011,0
Starr,2013-2014,0
Starr,2019-2020,0
Starr,2015-2016,0
Starr,2018-2019,0.09
Starr,2011-2012,0.07
Starr,2014-2015,0
Starr,2017-2018,0.09
Starr,2012-2013,0
Starr,2016-2017,0.07
Stephens,2015-2016,0.96
Stephens,2012-2013,0.79
Stephens,2013-2014,0
Stephens,2014-2015,0.86
Stephens,2011-2012,0
Stephens,2016-2017,0
Stephens,2010-2011,0
Stephens,2017-2018,2.8
Stephens,2018-2019,2.85
Stephens,2019-2020,4.54
Sterling,2011-2012,0
Sterling,2010-2011,0
Sterling,2012-2013,0
Sterling,2017-2018,0
Sterling,2013-2014,0
Sterling,2014-2015,2.56
Sterling,2015-2016,0
Sterling,2019-2020,4
Sterling,2018-2019,0
Sterling,2016-2017,0
Stonewall,2013-2014,0
Stonewall,2014-2015,0
Stonewall,2017-2018,0
Stonewall,2019-2020,
Stonewall,2011-2012,
Stonewall,2016-2017,0
Stonewall,2018-2019,0
Stonewall,2010-2011,0
Stonewall,2012-2013,0
Stonewall,2015-2016,0
Sutton,2011-2012,0
Sutton,2018-2019,3.63
Sutton,2019-2020,3.7
Sutton,2013-2014,0
Sutton,2010-2011,0
Sutton,2016-2017,1.96
Sutton,2012-2013,0
Sutton,2017-2018,4.44
Sutton,2014-2015,0
Sutton,2015-2016,0
Swisher,2013-2014,0
Swisher,2019-2020,0.92
Swisher,2017-2018,4.67
Swisher,2012-2013,0
Swisher,2015-2016,0
Swisher,2011-2012,1.75
Swisher,2016-2017,1.8
Swisher,2014-2015,0
Swisher,2010-2011,0
Swisher,2018-2019,0.87
Tarrant,2015-2016,1.84
Tarrant,2013-2014,1.53
Tarrant,2016-2017,2.23
Tarrant,2017-2018,2.51
Tarrant,2018-2019,3.07
Tarrant,2012-2013,1.7
Tarrant,2019-2020,3.04
Tarrant,2011-2012,1.37
Tarrant,2014-2015,1.63
Tarrant,2010-2011,1.01
Taylor,2018-2019,1.87
Taylor,2011-2012,0.72
Taylor,2016-2017,1.01
Taylor,2010-2011,0.44
Taylor,2014-2015,1.3
Taylor,2013-2014,0.76
Taylor,2019-2020,1.78
Taylor,2015-2016,0.94
Taylor,2012-2013,0.99
Taylor,2017-2018,2.12
Terrell,2010-2011,0
Terrell,2019-2020,0
Terrell,2017-2018,0
Terrell,2011-2012,0
Terrell,2018-2019,0
Terrell,2016-2017,0
Terrell,2013-2014,0
Terrell,2015-2016,0
Terrell,2012-2013,0
Terrell,2014-2015,0
Terry,2018-2019,4.93
Terry,2011-2012,1.08
Terry,2016-2017,1.22
Terry,2010-2011,0.53
Terry,2014-2015,0
Terry,2017-2018,0.62
Terry,2012-2013,0
Terry,2013-2014,0
Terry,2019-2020,4.04
Terry,2015-2016,0
Texas,2018-2019,2.16
Texas,2014-2015,1.28
Texas,2013-2014,1.34
Texas,2010-2011,0.82
Texas,2011-2012,1
Texas,2012-2013,1.15
Texas,2017-2018,1.8
Texas,2015-2016,1.34
Texas,2016-2017,1.55
Texas,2019-2020,2.24
Throckmorton,2012-2013,0
Throckmorton,2018-2019,0
Throckmorton,2011-2012,0
Throckmorton,2015-2016,0
Throckmorton,2017-2018,0
Throckmorton,2014-2015,0
Throckmorton,2013-2014,0
Throckmorton,2010-2011,0
Throckmorton,2019-2020,0
Throckmorton,2016-2017,0
Titus,2012-2013,0.31
Titus,2010-2011,0.18
Titus,2013-2014,0.67
Titus,2011-2012,0.35
Titus,2018-2019,0.75
Titus,2019-2020,0
Titus,2017-2018,0.4
Titus,2016-2017,0.2
Titus,2014-2015,0
Titus,2015-2016,0.59
Tom Green,2010-2011,0.4
Tom Green,2014-2015,0.7
Tom Green,2012-2013,0.5
Tom Green,2011-2012,0.41
Tom Green,2015-2016,0.99
Tom Green,2019-2020,1.56
Tom Green,2016-2017,1.39
Tom Green,2013-2014,0.41
Tom Green,2018-2019,1.71
Tom Green,2017-2018,1.26
Travis,2018-2019,3.53
Travis,2014-2015,3.18
Travis,2017-2018,3.61
Travis,2013-2014,3.21
Travis,2019-2020,3.13
Travis,2010-2011,1.99
Travis,2016-2017,3.16
Travis,2015-2016,3.12
Travis,2012-2013,2.87
Travis,2011-2012,2.35
Trinity,2011-2012,1.19
Trinity,2014-2015,0
Trinity,2019-2020,1.25
Trinity,2016-2017,1.13
Trinity,2017-2018,2.96
Trinity,2015-2016,0
Trinity,2010-2011,0
Trinity,2012-2013,0
Trinity,2013-2014,1.16
Trinity,2018-2019,1.55
Tyler,2011-2012,0.37
Tyler,2015-2016,1.47
Tyler,2010-2011,1.18
Tyler,2017-2018,3.18
Tyler,2016-2017,3.1
Tyler,2019-2020,2.42
Tyler,2013-2014,1.65
Tyler,2012-2013,1.52
Tyler,2014-2015,0.78
Tyler,2018-2019,2.1
Upshur,2012-2013,0.6
Upshur,2014-2015,1.62
Upshur,2011-2012,1.52
Upshur,2016-2017,2.57
Upshur,2013-2014,1.65
Upshur,2018-2019,3.74
Upshur,2017-2018,1.88
Upshur,2015-2016,2.85
Upshur,2010-2011,5.33
Upshur,2019-2020,2.97
Upton,2019-2020,0
Upton,2013-2014,0
Upton,2015-2016,0
Upton,2016-2017,1.85
Upton,2010-2011,0
Upton,2018-2019,4.68
Upton,2017-2018,0
Upton,2014-2015,1.29
Upton,2011-2012,0
Upton,2012-2013,0
Uvalde,2015-2016,0.98
Uvalde,2013-2014,0.2
Uvalde,2018-2019,0.51
Uvalde,2017-2018,1.06
Uvalde,2011-2012,0.9
Uvalde,2019-2020,1.3
Uvalde,2016-2017,1.14
Uvalde,2014-2015,0.9
Uvalde,2012-2013,0.22
Uvalde,2010-2011,0
Val Verde,2010-2011,0.23
Val Verde,2013-2014,0.1
Val Verde,2016-2017,0
Val Verde,2018-2019,0.39
Val Verde,2014-2015,0.11
Val Verde,2017-2018,0.43
Val Verde,2012-2013,0.38
Val Verde,2015-2016,0.13
Val Verde,2019-2020,0.42
Val Verde,2011-2012,0.36
Van Zandt,2014-2015,2.54
Van Zandt,2017-2018,2.33
Van Zandt,2013-2014,1.74
Van Zandt,2019-2020,5.71
Van Zandt,2010-2011,1.9
Van Zandt,2015-2016,2.52
Van Zandt,2016-2017,3.16
Van Zandt,2018-2019,2.77
Van Zandt,2012-2013,1.09
Van Zandt,2011-2012,1.3
Victoria,2012-2013,0.33
Victoria,2019-2020,1.71
Victoria,2010-2011,0.6
Victoria,2013-2014,0.34
Victoria,2011-2012,0.29
Victoria,2017-2018,0.82
Victoria,2014-2015,3.16
Victoria,2018-2019,0.68
Victoria,2016-2017,0.65
Victoria,2015-2016,0.45
Walker,2014-2015,2.35
Walker,2012-2013,0.85
Walker,2010-2011,0.7
Walker,2016-2017,1.28
Walker,2011-2012,0.17
Walker,2015-2016,0.86
Walker,2013-2014,1.74
Walker,2018-2019,2.48
Walker,2019-2020,2.59
Walker,2017-2018,1.5
Waller,2015-2016,1.02
Waller,2016-2017,0.82
Waller,2018-2019,1.55
Waller,2014-2015,0.75
Waller,2017-2018,1.34
Waller,2012-2013,0.73
Waller,2019-2020,1.34
Waller,2010-2011,0
Waller,2011-2012,0
Waller,2013-2014,0.61
Ward,2011-2012,0
Ward,2010-2011,0.55
Ward,2012-2013,0.98
Ward,2013-2014,0.49
Ward,2014-2015,0
Ward,2015-2016,0
Ward,2016-2017,1.71
Ward,2018-2019,0.91
Ward,2017-2018,1.7
Ward,2019-2020,1.92
Washington,2011-2012,0
Washington,2019-2020,2.09
Washington,2018-2019,3.06
Washington,2017-2018,1
Washington,2015-2016,0.83
Washington,2013-2014,1.61
Washington,2014-2015,1.02
Washington,2010-2011,0
Washington,2016-2017,1.32
Washington,2012-2013,0
Webb,2016-2017,0.28
Webb,2019-2020,0.39
Webb,2012-2013,0.07
Webb,2015-2016,0.25
Webb,2011-2012,0.16
Webb,2014-2015,0.07
Webb,2013-2014,0.15
Webb,2017-2018,0.15
Webb,2018-2019,0.19
Webb,2010-2011,0.09
Wharton,2013-2014,0
Wharton,2011-2012,0.33
Wharton,2010-2011,0.14
Wharton,2017-2018,0.73
Wharton,2015-2016,0.26
Wharton,2019-2020,0.17
Wharton,2018-2019,1.04
Wharton,2012-2013,0.15
Wharton,2014-2015,0.49
Wharton,2016-2017,0.34
Wheeler,2019-2020,8.33
Wheeler,2014-2015,3.38
Wheeler,2017-2018,3.48
Wheeler,2012-2013,1.12
Wheeler,2011-2012,2.27
Wheeler,2015-2016,3.22
Wheeler,2010-2011,2.12
Wheeler,2013-2014,1.09
Wheeler,2018-2019,1.28
Wheeler,2016-2017,3.7
Wichita,2010-2011,0.53
Wichita,2017-2018,1.54
Wichita,2019-2020,1.46
Wichita,2018-2019,1.23
Wichita,2011-2012,0.56
Wichita,2016-2017,0.86
Wichita,2013-2014,1.28
Wichita,2014-2015,0.99
Wichita,2015-2016,1.07
Wichita,2012-2013,0.63
Wilbarger,2011-2012,0
Wilbarger,2018-2019,1.3
Wilbarger,2016-2017,0.68
Wilbarger,2019-2020,1.38
Wilbarger,2012-2013,0.56
Wilbarger,2014-2015,0.56
Wilbarger,2017-2018,0
Wilbarger,2015-2016,0.66
Wilbarger,2013-2014,0
Wilbarger,2010-2011,0
Willacy,2019-2020,0.43
Willacy,2018-2019,0
Willacy,2015-2016,0
Willacy,2013-2014,0.89
Willacy,2010-2011,0
Willacy,2014-2015,0
Willacy,2017-2018,0
Willacy,2012-2013,0.28
Willacy,2016-2017,0
Willacy,2011-2012,0
Williamson,2013-2014,3.97
Williamson,2010-2011,2.45
Williamson,2018-2019,4.75
Williamson,2014-2015,3.74
Williamson,2015-2016,3.89
Williamson,2017-2018,3.89
Williamson,2012-2013,3.33
Williamson,2011-2012,2.89
Williamson,2016-2017,3.9
Williamson,2019-2020,4.32
Wilson,2011-2012,0.52
Wilson,2012-2013,0.15
Wilson,2014-2015,1.15
Wilson,2017-2018,1.22
Wilson,2010-2011,0.52
Wilson,2013-2014,0.52
Wilson,2016-2017,1.25
Wilson,2018-2019,3.22
Wilson,2015-2016,1.53
Wilson,2019-2020,1.78
Winkler,2017-2018,0.7
Winkler,2011-2012,0
Winkler,2012-2013,0
Winkler,2014-2015,0
Winkler,2016-2017,2.17
Winkler,2019-2020,1.5
Winkler,2013-2014,0.6
Winkler,2015-2016,0
Winkler,2010-2011,0
Winkler,2018-2019,1.31
Wise,2011-2012,0.75
Wise,2017-2018,2.87
Wise,2012-2013,1.18
Wise,2013-2014,1.62
Wise,2015-2016,1.52
Wise,2018-2019,3.75
Wise,2014-2015,1.89
Wise,2016-2017,2.64
Wise,2010-2011,0.77
Wise,2019-2020,4.93
Wood,2010-2011,1.29
Wood,2015-2016,1.87
Wood,2019-2020,2.92
Wood,2013-2014,0.87
Wood,2014-2015,1.28
Wood,2011-2012,1.73
Wood,2012-2013,0.63
Wood,2017-2018,1.8
Wood,2016-2017,0.95
Wood,2018-2019,2.88
Yoakum,2019-2020,2.81
Yoakum,2013-2014,0.52
Yoakum,2018-2019,1.18
Yoakum,2011-2012,0.65
Yoakum,2016-2017,2.12
Yoakum,2015-2016,0.63
Yoakum,2012-2013,0
Yoakum,2010-2011,0.58
Yoakum,2014-2015,1.2
Yoakum,2017-2018,0
Young,2010-2011,0.4
Young,2019-2020,2.33
Young,2018-2019,1.98
Young,2016-2017,1.88
Young,2015-2016,1.33
Young,2013-2014,1.87
Young,2014-2015,2.79
Young,2012-2013,0
Young,2017-2018,2.45
Young,2011-2012,0
Zapata,2013-2014,0
Zapata,2019-2020,0.75
Zapata,2010-2011,0
Zapata,2017-2018,0
Zapata,2018-2019,0
Zapata,2016-2017,0
Zapata,2011-2012,0
Zapata,2014-2015,0
Zapata,2012-2013,1.36
Zapata,2015-2016,0
Zavala,2015-2016,0
Zavala,2012-2013,0
Zavala,2011-2012,0.5
Zavala,2019-2020,0.58
Zavala,2016-2017,0.63
Zavala,2018-2019,0
Zavala,2014-2015,0
Zavala,2010-2011,0.51
Zavala,2013-2014,0
Zavala,2017-2018,0