County,School year,Exemption rate,Year
Anderson,2010-2011,0.45,2011-06-01
Anderson,2011-2012,0.27,2012-06-01
Anderson,2017-2018,1.36,2018-06-01
Anderson,2019-2020,1.54,2020-06-01
Anderson,2014-2015,0.58,2015-06-01
Anderson,2018-2019,2.14,2019-06-01
Anderson,2016-2017,1.55,2017-06-01
Anderson,2015-2016,0.65,2016-06-01
Anderson,2013-2014,0.79,2014-06-01
Anderson,2012-2013,2.05,2013-06-01
Andrews,2016-2017,0.97,2017-06-01
Andrews,2015-2016,1.35,2016-06-01
Andrews,2010-2011,0.71,2011-06-01
Andrews,2011-2012,0.35,2012-06-01
Andrews,2013-2014,0.35,2014-06-01
Andrews,2017-2018,1.21,2018-06-01
Andrews,2019-2020,0.95,2020-06-01
Andrews,2014-2015,0.89,2015-06-01
Andrews,2018-2019,2.47,2019-06-01
Andrews,2012-2013,0.97,2013-06-01
Angelina,2014-2015,0.6,2015-06-01
Angelina,2013-2014,1.1,2014-06-01
Angelina,2017-2018,1.51,2018-06-01
Angelina,2018-2019,1.72,2019-06-01
Angelina,2012-2013,0.84,2013-06-01
Angelina,2019-2020,1.82,2020-06-01
Angelina,2010-2011,0.38,2011-06-01
Angelina,2016-2017,1.17,2017-06-01
Angelina,2015-2016,1.65,2016-06-01
Angelina,2011-2012,0.35,2012-06-01
Aransas,2013-2014,2.23,2014-06-01
Aransas,2012-2013,0,2013-06-01
Aransas,2018-2019,1.06,2019-06-01
Aransas,2019-2020,2.55,2020-06-01
Aransas,2010-2011,1.14,2011-06-01
Aransas,2011-2012,0,2012-06-01
Aransas,2016-2017,2.08,2017-06-01
Aransas,2017-2018,1.19,2018-06-01
Aransas,2015-2016,1.43,2016-06-01
Aransas,2014-2015,1.11,2015-06-01
Archer,2017-2018,0,2018-06-01
Archer,2018-2019,1.55,2019-06-01
Archer,2016-2017,0,2017-06-01
Archer,2012-2013,1.53,2013-06-01
Archer,2013-2014,0.81,2014-06-01
Archer,2019-2020,1.4,2020-06-01
Archer,2010-2011,0.86,2011-06-01
Archer,2014-2015,2.22,2015-06-01
Archer,2015-2016,0,2016-06-01
Archer,2011-2012,0.88,2012-06-01
Armstrong,2019-2020,7.4,2020-06-01
Armstrong,2015-2016,0,2016-06-01
Armstrong,2017-2018,0,2018-06-01
Armstrong,2013-2014,0,2014-06-01
Armstrong,2018-2019,3.22,2019-06-01
Armstrong,2014-2015,3.7,2015-06-01
Armstrong,2012-2013,0,2013-06-01
Armstrong,2011-2012,0,2012-06-01
Armstrong,2016-2017,4.16,2017-06-01
Armstrong,2010-2011,0,2011-06-01
Atascosa,2014-2015,0.29,2015-06-01
Atascosa,2018-2019,1.62,2019-06-01
Atascosa,2017-2018,0.93,2018-06-01
Atascosa,2016-2017,1.28,2017-06-01
Atascosa,2013-2014,0.3,2014-06-01
Atascosa,2012-2013,0.88,2013-06-01
Atascosa,2011-2012,0.3,2012-06-01
Atascosa,2019-2020,0.33,2020-06-01
Atascosa,2015-2016,0.46,2016-06-01
Atascosa,2010-2011,0,2011-06-01
Austin,2010-2011,0.82,2011-06-01
Austin,2015-2016,2.33,2016-06-01
Austin,2012-2013,0.93,2013-06-01
Austin,2013-2014,1.11,2014-06-01
Austin,2016-2017,2.09,2017-06-01
Austin,2011-2012,0.49,2012-06-01
Austin,2018-2019,3.39,2019-06-01
Austin,2017-2018,1.65,2018-06-01
Austin,2014-2015,1.12,2015-06-01
Austin,2019-2020,1.88,2020-06-01
Bailey,2010-2011,0.8,2011-06-01
Bailey,2011-2012,0.81,2012-06-01
Bailey,2017-2018,1,2018-06-01
Bailey,2014-2015,0,2015-06-01
Bailey,2015-2016,0.9,2016-06-01
Bailey,2019-2020,1.12,2020-06-01
Bailey,2012-2013,0,2013-06-01
Bailey,2013-2014,0,2014-06-01
Bailey,2016-2017,1.76,2017-06-01
Bailey,2018-2019,1.09,2019-06-01
Bandera,2019-2020,4.37,2020-06-01
Bandera,2016-2017,5.38,2017-06-01
Bandera,2014-2015,4.21,2015-06-01
Bandera,2010-2011,0.56,2011-06-01
Bandera,2013-2014,3.07,2014-06-01
Bandera,2012-2013,2.65,2013-06-01
Bandera,2018-2019,1.06,2019-06-01
Bandera,2011-2012,0.68,2012-06-01
Bandera,2017-2018,2.11,2018-06-01
Bandera,2015-2016,1.32,2016-06-01
Bastrop,2017-2018,1.89,2018-06-01
Bastrop,2018-2019,2.18,2019-06-01
Bastrop,2019-2020,2.72,2020-06-01
Bastrop,2016-2017,3.37,2017-06-01
Bastrop,2011-2012,2.09,2012-06-01
Bastrop,2012-2013,1.31,2013-06-01
Bastrop,2010-2011,1.67,2011-06-01
Bastrop,2014-2015,2.47,2015-06-01
Bastrop,2013-2014,1.96,2014-06-01
Bastrop,2015-2016,1.68,2016-06-01
Baylor,2013-2014,0,2014-06-01
Baylor,2015-2016,0,2016-06-01
Baylor,2012-2013,1.96,2013-06-01
Baylor,2018-2019,1.78,2019-06-01
Baylor,2014-2015,1.81,2015-06-01
Baylor,2019-2020,0,2020-06-01
Baylor,2016-2017,0,2017-06-01
Baylor,2010-2011,1.75,2011-06-01
Baylor,2017-2018,2.12,2018-06-01
Baylor,2011-2012,2.12,2012-06-01
Bee,2017-2018,0,2018-06-01
Bee,2016-2017,0,2017-06-01
Bee,2010-2011,0.72,2011-06-01
Bee,2015-2016,0.25,2016-06-01
Bee,2019-2020,0.76,2020-06-01
Bee,2013-2014,0,2014-06-01
Bee,2011-2012,0.46,2012-06-01
Bee,2012-2013,0.24,2013-06-01
Bee,2018-2019,0.52,2019-06-01
Bee,2014-2015,0.24,2015-06-01
Bell,2017-2018,1.61,2018-06-01
Bell,2012-2013,0.63,2013-06-01
Bell,2019-2020,2.48,2020-06-01
Bell,2013-2014,0.83,2014-06-01
Bell,2011-2012,0.66,2012-06-01
Bell,2014-2015,0.83,2015-06-01
Bell,2016-2017,1.54,2017-06-01
Bell,2010-2011,0.4,2011-06-01
Bell,2018-2019,2.38,2019-06-01
Bell,2015-2016,1.47,2016-06-01
Bexar,2019-2020,1.77,2020-06-01
Bexar,2011-2012,0.73,2012-06-01
Bexar,2010-2011,0.43,2011-06-01
Bexar,2017-2018,1.32,2018-06-01
Bexar,2012-2013,0.58,2013-06-01
Bexar,2018-2019,1.6,2019-06-01
Bexar,2014-2015,0.8,2015-06-01
Bexar,2016-2017,1.16,2017-06-01
Bexar,2015-2016,0.92,2016-06-01
Bexar,2013-2014,0.78,2014-06-01
Blanco,2013-2014,5.3,2014-06-01
Blanco,2018-2019,3.92,2019-06-01
Blanco,2015-2016,1.96,2016-06-01
Blanco,2019-2020,7.36,2020-06-01
Blanco,2012-2013,1.7,2013-06-01
Blanco,2016-2017,6,2017-06-01
Blanco,2011-2012,4.23,2012-06-01
Blanco,2014-2015,5.12,2015-06-01
Blanco,2017-2018,3.48,2018-06-01
Blanco,2010-2011,1.5,2011-06-01
Borden,2016-2017,0,2017-06-01
Borden,2014-2015,0,2015-06-01
Borden,2018-2019,12.5,2019-06-01
Borden,2019-2020,0,2020-06-01
Borden,2015-2016,5.88,2016-06-01
Borden,2011-2012,15.38,2012-06-01
Borden,2010-2011,0,2011-06-01
Borden,2017-2018,0,2018-06-01
Borden,2012-2013,0,2013-06-01
Borden,2013-2014,0,2014-06-01
Bosque,2012-2013,0.87,2013-06-01
Bosque,2014-2015,0,2015-06-01
Bosque,2013-2014,0,2014-06-01
Bosque,2011-2012,0.87,2012-06-01
Bosque,2010-2011,0,2011-06-01
Bosque,2016-2017,2.16,2017-06-01
Bosque,2018-2019,3.33,2019-06-01
Bosque,2015-2016,0.48,2016-06-01
Bosque,2019-2020,3.78,2020-06-01
Bosque,2017-2018,1.57,2018-06-01
Bowie,2016-2017,1.88,2017-06-01
Bowie,2015-2016,1.6,2016-06-01
Bowie,2019-2020,2.5,2020-06-01
Bowie,2011-2012,1.19,2012-06-01
Bowie,2017-2018,1.94,2018-06-01
Bowie,2014-2015,1.9,2015-06-01
Bowie,2018-2019,2.39,2019-06-01
Bowie,2012-2013,1.52,2013-06-01
Bowie,2010-2011,1.41,2011-06-01
Bowie,2013-2014,1.6,2014-06-01
Brazoria,2017-2018,1.69,2018-06-01
Brazoria,2013-2014,1.06,2014-06-01
Brazoria,2015-2016,1.11,2016-06-01
Brazoria,2016-2017,1.02,2017-06-01
Brazoria,2012-2013,0.84,2013-06-01
Brazoria,2010-2011,0.49,2011-06-01
Brazoria,2014-2015,1.36,2015-06-01
Brazoria,2019-2020,1.86,2020-06-01
Brazoria,2011-2012,0.79,2012-06-01
Brazoria,2018-2019,1.71,2019-06-01
Brazos,2018-2019,1.33,2019-06-01
Brazos,2015-2016,0.86,2016-06-01
Brazos,2016-2017,1.51,2017-06-01
Brazos,2017-2018,1.21,2018-06-01
Brazos,2012-2013,0.81,2013-06-01
Brazos,2013-2014,0.66,2014-06-01
Brazos,2011-2012,0.63,2012-06-01
Brazos,2014-2015,0.72,2015-06-01
Brazos,2010-2011,0.83,2011-06-01
Brazos,2019-2020,1.69,2020-06-01
Brewster,2017-2018,3,2018-06-01
Brewster,2011-2012,0,2012-06-01
Brewster,2014-2015,2.46,2015-06-01
Brewster,2010-2011,0,2011-06-01
Brewster,2019-2020,18.47,2020-06-01
Brewster,2016-2017,2.35,2017-06-01
Brewster,2013-2014,2.53,2014-06-01
Brewster,2015-2016,0.91,2016-06-01
Brewster,2012-2013,2.04,2013-06-01
Brewster,2018-2019,4.7,2019-06-01
Briscoe,2017-2018,0,2018-06-01
Briscoe,2016-2017,0,2017-06-01
Briscoe,2015-2016,0,2016-06-01
Briscoe,2010-2011,12.5,2011-06-01
Briscoe,2013-2014,0,2014-06-01
Briscoe,2014-2015,0,2015-06-01
Briscoe,2018-2019,0,2019-06-01
Briscoe,2019-2020,0,2020-06-01
Briscoe,2012-2013,0,2013-06-01
Briscoe,2011-2012,0,2012-06-01
Brooks,2010-2011,0,2011-06-01
Brooks,2013-2014,0,2014-06-01
Brooks,2012-2013,0,2013-06-01
Brooks,2011-2012,0,2012-06-01
Brooks,2017-2018,0.67,2018-06-01
Brooks,2018-2019,0.93,2019-06-01
Brooks,2015-2016,0,2016-06-01
Brooks,2014-2015,0,2015-06-01
Brooks,2016-2017,0,2017-06-01
Brooks,2019-2020,0,2020-06-01
Brown,2014-2015,1.01,2015-06-01
Brown,2017-2018,1.07,2018-06-01
Brown,2018-2019,3.39,2019-06-01
Brown,2011-2012,0.2,2012-06-01
Brown,2012-2013,1.3,2013-06-01
Brown,2010-2011,0.74,2011-06-01
Brown,2013-2014,0.4,2014-06-01
Brown,2016-2017,0.65,2017-06-01
Brown,2019-2020,2.5,2020-06-01
Brown,2015-2016,1.05,2016-06-01
Burleson,2018-2019,0.45,2019-06-01
Burleson,2019-2020,0.44,2020-06-01
Burleson,2011-2012,0,2012-06-01
Burleson,2012-2013,0.44,2013-06-01
Burleson,2015-2016,0.52,2016-06-01
Burleson,2017-2018,1.04,2018-06-01
Burleson,2014-2015,0,2015-06-01
Burleson,2016-2017,0,2017-06-01
Burleson,2010-2011,0,2011-06-01
Burleson,2013-2014,0,2014-06-01
Burnet,2013-2014,4.3,2014-06-01
Burnet,2017-2018,3.48,2018-06-01
Burnet,2014-2015,3.5,2015-06-01
Burnet,2010-2011,2.38,2011-06-01
Burnet,2018-2019,3.33,2019-06-01
Burnet,2015-2016,1.43,2016-06-01
Burnet,2019-2020,5.01,2020-06-01
Burnet,2011-2012,1.3,2012-06-01
Burnet,2016-2017,1.95,2017-06-01
Burnet,2012-2013,2.3,2013-06-01
Caldwell,2016-2017,2.44,2017-06-01
Caldwell,2012-2013,0.8,2013-06-01
Caldwell,2019-2020,2.2,2020-06-01
Caldwell,2011-2012,1.49,2012-06-01
Caldwell,2010-2011,0.2,2011-06-01
Caldwell,2015-2016,1.72,2016-06-01
Caldwell,2018-2019,3.17,2019-06-01
Caldwell,2014-2015,1.6,2015-06-01
Caldwell,2017-2018,1.44,2018-06-01
Caldwell,2013-2014,2.41,2014-06-01
Calhoun,2015-2016,0.29,2016-06-01
Calhoun,2012-2013,1.73,2013-06-01
Calhoun,2019-2020,0.65,2020-06-01
Calhoun,2010-2011,0,2011-06-01
Calhoun,2017-2018,1.07,2018-06-01
Calhoun,2016-2017,0.66,2017-06-01
Calhoun,2014-2015,0.66,2015-06-01
Calhoun,2013-2014,0.61,2014-06-01
Calhoun,2018-2019,0.7,2019-06-01
Calhoun,2011-2012,0.31,2012-06-01
Callahan,2016-2017,2.25,2017-06-01
Callahan,2014-2015,3.22,2015-06-01
Callahan,2013-2014,1.66,2014-06-01
Callahan,2010-2011,1.14,2011-06-01
Callahan,2011-2012,1.5,2012-06-01
Callahan,2018-2019,2.94,2019-06-01
Callahan,2015-2016,1.8,2016-06-01
Callahan,2012-2013,1.07,2013-06-01
Callahan,2019-2020,3.52,2020-06-01
Callahan,2017-2018,2.2,2018-06-01
Cameron,2019-2020,0.65,2020-06-01
Cameron,2013-2014,0.25,2014-06-01
Cameron,2014-2015,0.11,2015-06-01
Cameron,2015-2016,0.26,2016-06-01
Cameron,2012-2013,0.16,2013-06-01
Cameron,2016-2017,0.27,2017-06-01
Cameron,2011-2012,0.28,2012-06-01
Cameron,2017-2018,0.38,2018-06-01
Cameron,2010-2011,0.09,2011-06-01
Cameron,2018-2019,0.77,2019-06-01
Camp,2018-2019,0.53,2019-06-01
Camp,2011-2012,0,2012-06-01
Camp,2017-2018,0,2018-06-01
Camp,2019-2020,0,2020-06-01
Camp,2012-2013,0.51,2013-06-01
Camp,2014-2015,0,2015-06-01
Camp,2010-2011,0,2011-06-01
Camp,2016-2017,0,2017-06-01
Camp,2015-2016,0,2016-06-01
Camp,2013-2014,0,2014-06-01
Carson,2019-2020,6.6,2020-06-01
Carson,2010-2011,0.95,2011-06-01
Carson,2012-2013,1.8,2013-06-01
Carson,2014-2015,2.54,2015-06-01
Carson,2018-2019,3.33,2019-06-01
Carson,2015-2016,5.05,2016-06-01
Carson,2016-2017,4.8,2017-06-01
Carson,2011-2012,0.92,2012-06-01
Carson,2017-2018,5.45,2018-06-01
Carson,2013-2014,2.17,2014-06-01
Cass,2014-2015,1.62,2015-06-01
Cass,2011-2012,0.24,2012-06-01
Cass,2016-2017,0.53,2017-06-01
Cass,2017-2018,2.07,2018-06-01
Cass,2018-2019,3.04,2019-06-01
Cass,2012-2013,0,2013-06-01
Cass,2013-2014,1.26,2014-06-01
Cass,2019-2020,3.97,2020-06-01
Cass,2015-2016,1.01,2016-06-01
Cass,2010-2011,0.25,2011-06-01
Castro,2015-2016,0,2016-06-01
Castro,2019-2020,2.98,2020-06-01
Castro,2013-2014,0,2014-06-01
Castro,2010-2011,0,2011-06-01
Castro,2014-2015,0.86,2015-06-01
Castro,2012-2013,0,2013-06-01
Castro,2018-2019,0.89,2019-06-01
Castro,2016-2017,1.62,2017-06-01
Castro,2011-2012,0,2012-06-01
Castro,2017-2018,0.8,2018-06-01
Chambers,2019-2020,2.82,2020-06-01
Chambers,2010-2011,0.64,2011-06-01
Chambers,2012-2013,1.71,2013-06-01
Chambers,2015-2016,1.58,2016-06-01
Chambers,2016-2017,2.33,2017-06-01
Chambers,2018-2019,2.61,2019-06-01
Chambers,2014-2015,1.02,2015-06-01
Chambers,2013-2014,1.28,2014-06-01
Chambers,2017-2018,2.88,2018-06-01
Chambers,2011-2012,0.58,2012-06-01
Cherokee,2017-2018,0.99,2018-06-01
Cherokee,2012-2013,0.45,2013-06-01
Cherokee,2010-2011,0.71,2011-06-01
Cherokee,2018-2019,0.34,2019-06-01
Cherokee,2011-2012,0.15,2012-06-01
Cherokee,2016-2017,0,2017-06-01
Cherokee,2014-2015,0.57,2015-06-01
Cherokee,2019-2020,0.48,2020-06-01
Cherokee,2013-2014,0.3,2014-06-01
Cherokee,2015-2016,0.64,2016-06-01
Childress,2019-2020,3.17,2020-06-01
Childress,2014-2015,0,2015-06-01
Childress,2010-2011,1.19,2011-06-01
Childress,2017-2018,1.2,2018-06-01
Childress,2018-2019,4.61,2019-06-01
Childress,2011-2012,0,2012-06-01
Childress,2012-2013,0,2013-06-01
Childress,2015-2016,0,2016-06-01
Childress,2013-2014,0,2014-06-01
Childress,2016-2017,1.36,2017-06-01
Clay,2016-2017,1,2017-06-01
Clay,2012-2013,0,2013-06-01
Clay,2014-2015,0,2015-06-01
Clay,2015-2016,0.87,2016-06-01
Clay,2013-2014,0,2014-06-01
Clay,2019-2020,1.56,2020-06-01
Clay,2018-2019,0.74,2019-06-01
Clay,2010-2011,0,2011-06-01
Clay,2017-2018,1.75,2018-06-01
Clay,2011-2012,0.89,2012-06-01
Cochran,2019-2020,6.66,2020-06-01
Cochran,2016-2017,0,2017-06-01
Cochran,2012-2013,0,2013-06-01
Cochran,2017-2018,0,2018-06-01
Cochran,2010-2011,0,2011-06-01
Cochran,2015-2016,0,2016-06-01
Cochran,2011-2012,1.96,2012-06-01
Cochran,2018-2019,0,2019-06-01
Cochran,2014-2015,0,2015-06-01
Cochran,2013-2014,0,2014-06-01
Coke,2012-2013,6.06,2013-06-01
Coke,2018-2019,5,2019-06-01
Coke,2013-2014,4.34,2014-06-01
Coke,2019-2020,2.63,2020-06-01
Coke,2010-2011,0,2011-06-01
Coke,2017-2018,3.03,2018-06-01
Coke,2015-2016,0,2016-06-01
Coke,2011-2012,0,2012-06-01
Coke,2016-2017,4.87,2017-06-01
Coke,2014-2015,2.63,2015-06-01
Coleman,2012-2013,0,2013-06-01
Coleman,2013-2014,0,2014-06-01
Coleman,2011-2012,0,2012-06-01
Coleman,2019-2020,0,2020-06-01
Coleman,2016-2017,1.09,2017-06-01
Coleman,2015-2016,1.17,2016-06-01
Coleman,2018-2019,2.43,2019-06-01
Coleman,2017-2018,0,2018-06-01
Coleman,2014-2015,0.97,2015-06-01
Coleman,2010-2011,0,2011-06-01
Collin,2018-2019,4.26,2019-06-01
Collin,2017-2018,3.56,2018-06-01
Collin,2014-2015,3.02,2015-06-01
Collin,2011-2012,2.04,2012-06-01
Collin,2013-2014,2.91,2014-06-01
Collin,2015-2016,3.33,2016-06-01
Collin,2016-2017,3.63,2017-06-01
Collin,2010-2011,1.78,2011-06-01
Collin,2012-2013,2.78,2013-06-01
Collin,2019-2020,4.49,2020-06-01
Collingsworth,2016-2017,5.66,2017-06-01
Collingsworth,2017-2018,1.75,2018-06-01
Collingsworth,2015-2016,0,2016-06-01
Collingsworth,2012-2013,2,2013-06-01
Collingsworth,2011-2012,1.61,2012-06-01
Collingsworth,2010-2011,2.27,2011-06-01
Collingsworth,2013-2014,0,2014-06-01
Collingsworth,2018-2019,0,2019-06-01
Collingsworth,2014-2015,1.96,2015-06-01
Collingsworth,2019-2020,10,2020-06-01
Colorado,2012-2013,0,2013-06-01
Colorado,2018-2019,1.78,2019-06-01
Colorado,2013-2014,0,2014-06-01
Colorado,2016-2017,0,2017-06-01
Colorado,2011-2012,0.5,2012-06-01
Colorado,2019-2020,0.56,2020-06-01
Colorado,2010-2011,0.58,2011-06-01
Colorado,2015-2016,1.15,2016-06-01
Colorado,2017-2018,0,2018-06-01
Colorado,2014-2015,0.49,2015-06-01
Comal,2016-2017,2.14,2017-06-01
Comal,2011-2012,1.73,2012-06-01
Comal,2017-2018,3.84,2018-06-01
Comal,2012-2013,1.62,2013-06-01
Comal,2014-2015,1.82,2015-06-01
Comal,2013-2014,2.7,2014-06-01
Comal,2015-2016,2.43,2016-06-01
Comal,2010-2011,1.58,2011-06-01
Comal,2019-2020,4.69,2020-06-01
Comal,2018-2019,3,2019-06-01
Comanche,2018-2019,0.59,2019-06-01
Comanche,2012-2013,0,2013-06-01
Comanche,2016-2017,0.55,2017-06-01
Comanche,2014-2015,1.86,2015-06-01
Comanche,2010-2011,0.57,2011-06-01
Comanche,2017-2018,2.28,2018-06-01
Comanche,2019-2020,2.29,2020-06-01
Comanche,2011-2012,0.62,2012-06-01
Comanche,2015-2016,0.57,2016-06-01
Comanche,2013-2014,2.77,2014-06-01
Concho,2017-2018,2.94,2018-06-01
Concho,2016-2017,0,2017-06-01
Concho,2018-2019,0,2019-06-01
Concho,2013-2014,0,2014-06-01
Concho,2010-2011,0,2011-06-01
Concho,2012-2013,0,2013-06-01
Concho,2015-2016,0,2016-06-01
Concho,2014-2015,0,2015-06-01
Concho,2011-2012,0,2012-06-01
Concho,2019-2020,0,2020-06-01
Cooke,2018-2019,3.31,2019-06-01
Cooke,2015-2016,1.14,2016-06-01
Cooke,2012-2013,0.97,2013-06-01
Cooke,2016-2017,3.08,2017-06-01
Cooke,2017-2018,1.34,2018-06-01
Cooke,2011-2012,0.77,2012-06-01
Cooke,2010-2011,0.9,2011-06-01
Cooke,2019-2020,1.69,2020-06-01
Cooke,2013-2014,0.54,2014-06-01
Cooke,2014-2015,1.52,2015-06-01
Coryell,2011-2012,0.71,2012-06-01
Coryell,2019-2020,2.3,2020-06-01
Coryell,2014-2015,4.23,2015-06-01
Coryell,2015-2016,1,2016-06-01
Coryell,2012-2013,0.45,2013-06-01
Coryell,2017-2018,1.66,2018-06-01
Coryell,2013-2014,3.26,2014-06-01
Coryell,2010-2011,0.48,2011-06-01
Coryell,2018-2019,2.71,2019-06-01
Coryell,2016-2017,1.38,2017-06-01
Cottle,2017-2018,0,2018-06-01
Cottle,2010-2011,0,2011-06-01
Cottle,2014-2015,0,2015-06-01
Cottle,2012-2013,0,2013-06-01
Cottle,2015-2016,0,2016-06-01
Cottle,2011-2012,0,2012-06-01
Cottle,2016-2017,0,2017-06-01
Cottle,2019-2020,0,2020-06-01
Cottle,2018-2019,0,2019-06-01
Crane,2010-2011,0,2011-06-01
Crane,2018-2019,0,2019-06-01
Crane,2019-2020,1.23,2020-06-01
Crane,2011-2012,0,2012-06-01
Crane,2012-2013,0,2013-06-01
Crane,2014-2015,1.19,2015-06-01
Crane,2013-2014,0,2014-06-01
Crane,2015-2016,0,2016-06-01
Crane,2016-2017,0,2017-06-01
Crane,2017-2018,0,2018-06-01
Crockett,2019-2020,0,2020-06-01
Crockett,2018-2019,1.78,2019-06-01
Crockett,2015-2016,0,2016-06-01
Crockett,2012-2013,0,2013-06-01
Crockett,2011-2012,1.61,2012-06-01
Crockett,2010-2011,0,2011-06-01
Crockett,2017-2018,0,2018-06-01
Crockett,2016-2017,0,2017-06-01
Crockett,2014-2015,1.47,2015-06-01
Crockett,2013-2014,0,2014-06-01
Crosby,2018-2019,2.85,2019-06-01
Crosby,2011-2012,1.92,2012-06-01
Crosby,2010-2011,1.19,2011-06-01
Crosby,2017-2018,1.25,2018-06-01
Crosby,2019-2020,0,2020-06-01
Crosby,2012-2013,0,2013-06-01
Crosby,2014-2015,1.2,2015-06-01
Crosby,2013-2014,0,2014-06-01
Crosby,2016-2017,1.13,2017-06-01
Crosby,2015-2016,1.07,2016-06-01
Culberson,2015-2016,0,2016-06-01
Culberson,2010-2011,0,2011-06-01
Culberson,2016-2017,0,2017-06-01
Culberson,2019-2020,0,2020-06-01
Culberson,2017-2018,0,2018-06-01
Culberson,2013-2014,0,2014-06-01
Culberson,2011-2012,0,2012-06-01
Culberson,2018-2019,0,2019-06-01
Dallam,2011-2012,0,2012-06-01
Dallam,2016-2017,1.88,2017-06-01
Dallam,2012-2013,0,2013-06-01
Dallam,2018-2019,1.75,2019-06-01
Dallam,2015-2016,3.59,2016-06-01
Dallam,2017-2018,2.89,2018-06-01
Dallam,2014-2015,0,2015-06-01
Dallam,2019-2020,5.12,2020-06-01
Dallam,2010-2011,0.7,2011-06-01
Dallam,2013-2014,0.62,2014-06-01
Dallas,2012-2013,0.83,2013-06-01
Dallas,2016-2017,1.15,2017-06-01
Dallas,2017-2018,1.36,2018-06-01
Dallas,2010-2011,0.57,2011-06-01
Dallas,2014-2015,0.89,2015-06-01
Dallas,2018-2019,1.83,2019-06-01
Dallas,2011-2012,0.54,2012-06-01
Dallas,2013-2014,0.83,2014-06-01
Dallas,2015-2016,0.84,2016-06-01
Dallas,2019-2020,1.95,2020-06-01
Dawson,2018-2019,5.37,2019-06-01
Dawson,2011-2012,0.47,2012-06-01
Dawson,2010-2011,0,2011-06-01
Dawson,2017-2018,1.44,2018-06-01
Dawson,2014-2015,1.35,2015-06-01
Dawson,2016-2017,1.57,2017-06-01
Dawson,2015-2016,1.01,2016-06-01
Dawson,2012-2013,0.39,2013-06-01
Dawson,2013-2014,0.49,2014-06-01
Dawson,2019-2020,7.64,2020-06-01
DeWitt,2016-2017,1.97,2017-06-01
DeWitt,2013-2014,0,2014-06-01
DeWitt,2011-2012,0.9,2012-06-01
DeWitt,2014-2015,0.82,2015-06-01
DeWitt,2012-2013,0.89,2013-06-01
DeWitt,2017-2018,0.5,2018-06-01
DeWitt,2010-2011,0.56,2011-06-01
DeWitt,2018-2019,0.5,2019-06-01
DeWitt,2015-2016,1.5,2016-06-01
DeWitt,2019-2020,0.48,2020-06-01
Deaf Smith,2013-2014,0.27,2014-06-01
Deaf Smith,2010-2011,0,2011-06-01
Deaf Smith,2014-2015,0,2015-06-01
Deaf Smith,2015-2016,0,2016-06-01
Deaf Smith,2019-2020,0,2020-06-01
Deaf Smith,2011-2012,0.26,2012-06-01
Deaf Smith,2016-2017,0,2017-06-01
Deaf Smith,2012-2013,0,2013-06-01
Deaf Smith,2018-2019,0.91,2019-06-01
Deaf Smith,2017-2018,0.33,2018-06-01
Delta,2014-2015,0,2015-06-01
Delta,2019-2020,1.69,2020-06-01
Delta,2016-2017,1.78,2017-06-01
Delta,2015-2016,5.26,2016-06-01
Delta,2012-2013,0,2013-06-01
Delta,2018-2019,1.85,2019-06-01
Delta,2011-2012,3.63,2012-06-01
Delta,2010-2011,0,2011-06-01
Delta,2017-2018,0,2018-06-01
Delta,2013-2014,0,2014-06-01
Denton,2012-2013,4.52,2013-06-01
Denton,2017-2018,4.72,2018-06-01
Denton,2011-2012,4.8,2012-06-01
Denton,2010-2011,1.96,2011-06-01
Denton,2019-2020,4.65,2020-06-01
Denton,2016-2017,3.91,2017-06-01
Denton,2018-2019,5.29,2019-06-01
Denton,2013-2014,9.22,2014-06-01
Denton,2014-2015,3.4,2015-06-01
Denton,2015-2016,3.5,2016-06-01
Dickens,2018-2019,0,2019-06-01
Dickens,2012-2013,8.33,2013-06-01
Dickens,2015-2016,0,2016-06-01
Dickens,2013-2014,0,2014-06-01
Dickens,2019-2020,0,2020-06-01
Dickens,2016-2017,0,2017-06-01
Dickens,2010-2011,0,2011-06-01
Dickens,2011-2012,0,2012-06-01
Dickens,2014-2015,0,2015-06-01
Dickens,2017-2018,0,2018-06-01
Dimmit,2016-2017,0,2017-06-01
Dimmit,2010-2011,0,2011-06-01
Dimmit,2014-2015,0,2015-06-01
Dimmit,2018-2019,0,2019-06-01
Dimmit,2011-2012,0,2012-06-01
Dimmit,2012-2013,0,2013-06-01
Dimmit,2017-2018,0,2018-06-01
Dimmit,2019-2020,0,2020-06-01
Dimmit,2015-2016,0,2016-06-01
Dimmit,2013-2014,0.47,2014-06-01
Donley,2017-2018,2.5,2018-06-01
Donley,2018-2019,0,2019-06-01
Donley,2010-2011,0,2011-06-01
Donley,2019-2020,0,2020-06-01
Donley,2016-2017,2.5,2017-06-01
Donley,2015-2016,0,2016-06-01
Donley,2013-2014,0,2014-06-01
Donley,2012-2013,4.16,2013-06-01
Donley,2011-2012,0,2012-06-01
Donley,2014-2015,3.77,2015-06-01
Duval,2012-2013,0,2013-06-01
Duval,2014-2015,0,2015-06-01
Duval,2015-2016,0,2016-06-01
Duval,2018-2019,0,2019-06-01
Duval,2019-2020,1.25,2020-06-01
Duval,2010-2011,0,2011-06-01
Duval,2016-2017,0,2017-06-01
Duval,2011-2012,0,2012-06-01
Duval,2013-2014,0,2014-06-01
Duval,2017-2018,0.53,2018-06-01
Eastland,2014-2015,0.87,2015-06-01
Eastland,2018-2019,4.92,2019-06-01
Eastland,2011-2012,0,2012-06-01
Eastland,2012-2013,2.66,2013-06-01
Eastland,2013-2014,2.24,2014-06-01
Eastland,2019-2020,2.51,2020-06-01
Eastland,2015-2016,2.8,2016-06-01
Eastland,2016-2017,2.98,2017-06-01
Eastland,2010-2011,1.8,2011-06-01
Eastland,2017-2018,5.55,2018-06-01
Ector,2017-2018,0.82,2018-06-01
Ector,2013-2014,0.85,2014-06-01
Ector,2014-2015,0.9,2015-06-01
Ector,2010-2011,0.33,2011-06-01
Ector,2011-2012,0.47,2012-06-01
Ector,2018-2019,1.31,2019-06-01
Ector,2016-2017,1.06,2017-06-01
Ector,2019-2020,1.11,2020-06-01
Ector,2015-2016,1.15,2016-06-01
Ector,2012-2013,0.47,2013-06-01
Edwards,2012-2013,0,2013-06-01
Edwards,2010-2011,4.34,2011-06-01
Edwards,2016-2017,2.27,2017-06-01
Edwards,2014-2015,0,2015-06-01
Edwards,2015-2016,0,2016-06-01
Edwards,2019-2020,4.25,2020-06-01
Edwards,2011-2012,0,2012-06-01
Edwards,2018-2019,2.08,2019-06-01
Edwards,2017-2018,0,2018-06-01
Edwards,2013-2014,0,2014-06-01
El Paso,2018-2019,0.62,2019-06-01
El Paso,2014-2015,1.15,2015-06-01
El Paso,2019-2020,0.74,2020-06-01
El Paso,2016-2017,0.38,2017-06-01
El Paso,2010-2011,0.71,2011-06-01
El Paso,2013-2014,1.09,2014-06-01
El Paso,2015-2016,1.14,2016-06-01
El Paso,2011-2012,0.81,2012-06-01
El Paso,2012-2013,0.88,2013-06-01
El Paso,2017-2018,0.53,2018-06-01
Ellis,2014-2015,1.75,2015-06-01
Ellis,2015-2016,1.6,2016-06-01
Ellis,2011-2012,1.25,2012-06-01
Ellis,2019-2020,3.4,2020-06-01
Ellis,2010-2011,1.13,2011-06-01
Ellis,2017-2018,2.82,2018-06-01
Ellis,2012-2013,1.21,2013-06-01
Ellis,2016-2017,1.92,2017-06-01
Ellis,2018-2019,2.89,2019-06-01
Ellis,2013-2014,1.29,2014-06-01
Erath,2011-2012,0.21,2012-06-01
Erath,2016-2017,1.16,2017-06-01
Erath,2014-2015,0.71,2015-06-01
Erath,2015-2016,0.95,2016-06-01
Erath,2018-2019,1.55,2019-06-01
Erath,2010-2011,0,2011-06-01
Erath,2019-2020,2.83,2020-06-01
Erath,2017-2018,2.31,2018-06-01
Erath,2013-2014,0.97,2014-06-01
Erath,2012-2013,1.11,2013-06-01
Falls,2010-2011,0,2011-06-01
Falls,2019-2020,1.66,2020-06-01
Falls,2013-2014,0,2014-06-01
Falls,2016-2017,1.24,2017-06-01
Falls,2017-2018,0.57,2018-06-01
Falls,2014-2015,0,2015-06-01
Falls,2018-2019,0.65,2019-06-01
Falls,2012-2013,0,2013-06-01
Falls,2011-2012,0.95,2012-06-01
Falls,2015-2016,1.12,2016-06-01
Fannin,2010-2011,0.69,2011-06-01
Fannin,2018-2019,4.26,2019-06-01
Fannin,2017-2018,2.62,2018-06-01
Fannin,2011-2012,1.03,2012-06-01
Fannin,2016-2017,3.09,2017-06-01
Fannin,2015-2016,1.08,2016-06-01
Fannin,2014-2015,1.56,2015-06-01
Fannin,2019-2020,3.91,2020-06-01
Fannin,2013-2014,1.2,2014-06-01
Fannin,2012-2013,1.49,2013-06-01
Fayette,2019-2020,1.42,2020-06-01
Fayette,2016-2017,1.32,2017-06-01
Fayette,2010-2011,0.74,2011-06-01
Fayette,2015-2016,1.05,2016-06-01
Fayette,2018-2019,1.45,2019-06-01
Fayette,2013-2014,0.67,2014-06-01
Fayette,2011-2012,2.23,2012-06-01
Fayette,2012-2013,0.35,2013-06-01
Fayette,2017-2018,0,2018-06-01
Fayette,2014-2015,0.32,2015-06-01
Fisher,2010-2011,2.38,2011-06-01
Fisher,2013-2014,0,2014-06-01
Fisher,2011-2012,0,2012-06-01
Fisher,2015-2016,0,2016-06-01
Fisher,2016-2017,0,2017-06-01
Fisher,2017-2018,0,2018-06-01
Fisher,2018-2019,2.32,2019-06-01
Fisher,2012-2013,0,2013-06-01
Fisher,2019-2020,0,2020-06-01
Floyd,2013-2014,0,2014-06-01
Floyd,2017-2018,0,2018-06-01
Floyd,2011-2012,0,2012-06-01
Floyd,2010-2011,0,2011-06-01
Floyd,2015-2016,2.24,2016-06-01
Floyd,2016-2017,1.12,2017-06-01
Floyd,2019-2020,0,2020-06-01
Floyd,2014-2015,0,2015-06-01
Floyd,2018-2019,0,2019-06-01
Floyd,2012-2013,0,2013-06-01
Foard,2016-2017,0,2017-06-01
Foard,2013-2014,0,2014-06-01
Foard,2011-2012,0,2012-06-01
Foard,2018-2019,0,2019-06-01
Foard,2019-2020,0,2020-06-01
Foard,2010-2011,0,2011-06-01
Foard,2015-2016,0,2016-06-01
Foard,2017-2018,0,2018-06-01
Foard,2012-2013,0,2013-06-01
Foard,2014-2015,0,2015-06-01
Fort Bend,2015-2016,0.81,2016-06-01
Fort Bend,2019-2020,0.76,2020-06-01
Fort Bend,2014-2015,0.82,2015-06-01
Fort Bend,2016-2017,0.93,2017-06-01
Fort Bend,2013-2014,0.94,2014-06-01
Fort Bend,2011-2012,0.73,2012-06-01
Fort Bend,2012-2013,0.81,2013-06-01
Fort Bend,2017-2018,0.97,2018-06-01
Fort Bend,2018-2019,1.35,2019-06-01
Fort Bend,2010-2011,0.66,2011-06-01
Franklin,2010-2011,0.74,2011-06-01
Franklin,2018-2019,2.15,2019-06-01
Franklin,2014-2015,1.43,2015-06-01
Franklin,2017-2018,0,2018-06-01
Franklin,2011-2012,1.55,2012-06-01
Franklin,2015-2016,2.27,2016-06-01
Franklin,2019-2020,0.98,2020-06-01
Franklin,2016-2017,2.45,2017-06-01
Franklin,2013-2014,0.67,2014-06-01
Franklin,2012-2013,0.74,2013-06-01
Freestone,2013-2014,1.71,2014-06-01
Freestone,2010-2011,1.08,2011-06-01
Freestone,2016-2017,1.9,2017-06-01
Freestone,2018-2019,2.97,2019-06-01
Freestone,2015-2016,1.25,2016-06-01
Freestone,2017-2018,2.55,2018-06-01
Freestone,2012-2013,1.27,2013-06-01
Freestone,2014-2015,1.5,2015-06-01
Freestone,2011-2012,1.36,2012-06-01
Freestone,2019-2020,2.14,2020-06-01
Frio,2017-2018,0.46,2018-06-01
Frio,2011-2012,0,2012-06-01
Frio,2016-2017,0,2017-06-01
Frio,2015-2016,0,2016-06-01
Frio,2013-2014,0.35,2014-06-01
Frio,2019-2020,1.4,2020-06-01
Frio,2010-2011,0,2011-06-01
Frio,2012-2013,0,2013-06-01
Frio,2014-2015,0.4,2015-06-01
Frio,2018-2019,0,2019-06-01
Gaines,2010-2011,5.78,2011-06-01
Gaines,2019-2020,18.84,2020-06-01
Gaines,2017-2018,18.21,2018-06-01
Gaines,2011-2012,5.16,2012-06-01
Gaines,2016-2017,13.09,2017-06-01
Gaines,2012-2013,8.14,2013-06-01
Gaines,2014-2015,9.68,2015-06-01
Gaines,2015-2016,8.62,2016-06-01
Gaines,2013-2014,7.44,2014-06-01
Gaines,2018-2019,16.98,2019-06-01
Galveston,2012-2013,1.3,2013-06-01
Galveston,2013-2014,1.76,2014-06-01
Galveston,2014-2015,1.87,2015-06-01
Galveston,2010-2011,1.16,2011-06-01
Galveston,2019-2020,2.37,2020-06-01
Galveston,2015-2016,1.54,2016-06-01
Galveston,2016-2017,1.8,2017-06-01
Galveston,2018-2019,2.39,2019-06-01
Galveston,2017-2018,2.34,2018-06-01
Galveston,2011-2012,1.34,2012-06-01
Garza,2016-2017,0,2017-06-01
Garza,2014-2015,1.11,2015-06-01
Garza,2013-2014,0,2014-06-01
Garza,2012-2013,1.14,2013-06-01
Garza,2018-2019,2.12,2019-06-01
Garza,2019-2020,3.03,2020-06-01
Garza,2017-2018,0,2018-06-01
Garza,2011-2012,0,2012-06-01
Garza,2015-2016,1.81,2016-06-01
Garza,2010-2011,0,2011-06-01
Gillespie,2019-2020,6.16,2020-06-01
Gillespie,2014-2015,1.77,2015-06-01
Gillespie,2012-2013,3.41,2013-06-01
Gillespie,2015-2016,2,2016-06-01
Gillespie,2018-2019,9.67,2019-06-01
Gillespie,2010-2011,0.71,2011-06-01
Gillespie,2017-2018,5.95,2018-06-01
Gillespie,2011-2012,1.2,2012-06-01
Gillespie,2016-2017,2.41,2017-06-01
Gillespie,2013-2014,1.03,2014-06-01
Glasscock,2018-2019,5,2019-06-01
Glasscock,2016-2017,0,2017-06-01
Glasscock,2014-2015,0,2015-06-01
Glasscock,2015-2016,0,2016-06-01
Glasscock,2013-2014,0,2014-06-01
Glasscock,2010-2011,0,2011-06-01
Glasscock,2012-2013,0,2013-06-01
Glasscock,2017-2018,4.34,2018-06-01
Glasscock,2019-2020,5,2020-06-01
Glasscock,2011-2012,0,2012-06-01
Goliad,2016-2017,0,2017-06-01
Goliad,2011-2012,0,2012-06-01
Goliad,2012-2013,0.95,2013-06-01
Goliad,2015-2016,1.13,2016-06-01
Goliad,2019-2020,2.56,2020-06-01
Goliad,2017-2018,1.36,2018-06-01
Goliad,2013-2014,0.99,2014-06-01
Goliad,2010-2011,2.56,2011-06-01
Goliad,2018-2019,2.08,2019-06-01
Goliad,2014-2015,0,2015-06-01
Gonzales,2019-2020,1.15,2020-06-01
Gonzales,2015-2016,0.66,2016-06-01
Gonzales,2016-2017,0.34,2017-06-01
Gonzales,2012-2013,0.3,2013-06-01
Gonzales,2011-2012,0.83,2012-06-01
Gonzales,2018-2019,0.98,2019-06-01
Gonzales,2014-2015,0,2015-06-01
Gonzales,2010-2011,0,2011-06-01
Gonzales,2013-2014,0.31,2014-06-01
Gonzales,2017-2018,1.11,2018-06-01
Gray,2011-2012,0.56,2012-06-01
Gray,2019-2020,0.7,2020-06-01
Gray,2017-2018,1.35,2018-06-01
Gray,2018-2019,1.48,2019-06-01
Gray,2012-2013,0.29,2013-06-01
Gray,2015-2016,0.34,2016-06-01
Gray,2013-2014,0,2014-06-01
Gray,2014-2015,0.27,2015-06-01
Gray,2016-2017,0.74,2017-06-01
Gray,2010-2011,0.59,2011-06-01
Grayson,2010-2011,0.78,2011-06-01
Grayson,2018-2019,2.93,2019-06-01
Grayson,2013-2014,1.16,2014-06-01
Grayson,2017-2018,1.68,2018-06-01
Grayson,2014-2015,1.64,2015-06-01
Grayson,2011-2012,0.9,2012-06-01
Grayson,2012-2013,1.67,2013-06-01
Grayson,2015-2016,1.93,2016-06-01
Grayson,2016-2017,1.98,2017-06-01
Grayson,2019-2020,3.42,2020-06-01
Gregg,2011-2012,1.28,2012-06-01
Gregg,2010-2011,1.02,2011-06-01
Gregg,2014-2015,0.92,2015-06-01
Gregg,2016-2017,0.87,2017-06-01
Gregg,2013-2014,0.81,2014-06-01
Gregg,2018-2019,2,2019-06-01
Gregg,2019-2020,2.19,2020-06-01
Gregg,2012-2013,2.15,2013-06-01
Gregg,2015-2016,1.63,2016-06-01
Gregg,2017-2018,1.62,2018-06-01
Grimes,2017-2018,1.32,2018-06-01
Grimes,2013-2014,0.88,2014-06-01
Grimes,2011-2012,0.29,2012-06-01
Grimes,2015-2016,2.55,2016-06-01
Grimes,2016-2017,1.49,2017-06-01
Grimes,2014-2015,0.3,2015-06-01
Grimes,2012-2013,0,2013-06-01
Grimes,2010-2011,0,2011-06-01
Grimes,2019-2020,2.11,2020-06-01
Grimes,2018-2019,2.2,2019-06-01
Guadalupe,2012-2013,1.19,2013-06-01
Guadalupe,2015-2016,1.53,2016-06-01
Guadalupe,2013-2014,1.18,2014-06-01
Guadalupe,2017-2018,1.67,2018-06-01
Guadalupe,2018-2019,1.71,2019-06-01
Guadalupe,2011-2012,0.82,2012-06-01
Guadalupe,2010-2011,0.84,2011-06-01
Guadalupe,2019-2020,1.85,2020-06-01
Guadalupe,2016-2017,1.56,2017-06-01
Guadalupe,2014-2015,1.32,2015-06-01
Hale,2018-2019,1.44,2019-06-01
Hale,2015-2016,0,2016-06-01
Hale,2016-2017,1.18,2017-06-01
Hale,2017-2018,0.38,2018-06-01
Hale,2019-2020,1.38,2020-06-01
Hale,2014-2015,1.16,2015-06-01
Hale,2010-2011,0.3,2011-06-01
Hale,2012-2013,0.15,2013-06-01
Hale,2011-2012,0.49,2012-06-01
Hale,2013-2014,0.17,2014-06-01
Hall,2015-2016,0,2016-06-01
Hall,2011-2012,0,2012-06-01
Hall,2016-2017,0,2017-06-01
Hall,2012-2013,0,2013-06-01
Hall,2013-2014,0,2014-06-01
Hall,2017-2018,0,2018-06-01
Hall,2014-2015,0,2015-06-01
Hall,2019-2020,2.27,2020-06-01
Hall,2018-2019,0,2019-06-01
Hall,2010-2011,0,2011-06-01
Hamilton,2012-2013,6.06,2013-06-01
Hamilton,2018-2019,4.54,2019-06-01
Hamilton,2011-2012,0,2012-06-01
Hamilton,2010-2011,3.52,2011-06-01
Hamilton,2014-2015,0,2015-06-01
Hamilton,2016-2017,0.98,2017-06-01
Hamilton,2013-2014,2.8,2014-06-01
Hamilton,2019-2020,0,2020-06-01
Hamilton,2017-2018,2.83,2018-06-01
Hamilton,2015-2016,1.05,2016-06-01
Hansford,2019-2020,1.94,2020-06-01
Hansford,2017-2018,4,2018-06-01
Hansford,2016-2017,1.14,2017-06-01
Hansford,2013-2014,1.8,2014-06-01
Hansford,2018-2019,0,2019-06-01
Hansford,2014-2015,2.24,2015-06-01
Hansford,2015-2016,0,2016-06-01
Hansford,2011-2012,0.95,2012-06-01
Hansford,2012-2013,0.96,2013-06-01
Hansford,2010-2011,0.76,2011-06-01
Hardeman,2014-2015,2.27,2015-06-01
Hardeman,2016-2017,5.26,2017-06-01
Hardeman,2018-2019,2.12,2019-06-01
Hardeman,2013-2014,0,2014-06-01
Hardeman,2019-2020,3.22,2020-06-01
Hardeman,2017-2018,0,2018-06-01
Hardeman,2012-2013,1.75,2013-06-01
Hardeman,2010-2011,1.63,2011-06-01
Hardeman,2011-2012,0,2012-06-01
Hardeman,2015-2016,2.08,2016-06-01
Hardin,2017-2018,1.85,2018-06-01
Hardin,2013-2014,1.23,2014-06-01
Hardin,2016-2017,2.2,2017-06-01
Hardin,2014-2015,0,2015-06-01
Hardin,2010-2011,1.42,2011-06-01
Hardin,2011-2012,0.74,2012-06-01
Hardin,2018-2019,4.72,2019-06-01
Hardin,2019-2020,3.03,2020-06-01
Hardin,2012-2013,0.85,2013-06-01
Hardin,2015-2016,1.23,2016-06-01
Harris,2019-2020,1.5,2020-06-01
Harris,2017-2018,1.35,2018-06-01
Harris,2010-2011,0.54,2011-06-01
Harris,2013-2014,0.83,2014-06-01
Harris,2018-2019,1.52,2019-06-01
Harris,2016-2017,1.06,2017-06-01
Harris,2012-2013,0.73,2013-06-01
Harris,2011-2012,0.61,2012-06-01
Harris,2015-2016,0.86,2016-06-01
Harris,2014-2015,0.85,2015-06-01
Harrison,2011-2012,0.67,2012-06-01
Harrison,2014-2015,0.76,2015-06-01
Harrison,2018-2019,1.21,2019-06-01
Harrison,2012-2013,0.56,2013-06-01
Harrison,2017-2018,1.33,2018-06-01
Harrison,2016-2017,0.95,2017-06-01
Harrison,2015-2016,0.71,2016-06-01
Harrison,2013-2014,1.13,2014-06-01
Harrison,2010-2011,0.47,2011-06-01
Harrison,2019-2020,2.41,2020-06-01
Hartley,2017-2018,2.77,2018-06-01
Hartley,2013-2014,2.7,2014-06-01
Hartley,2011-2012,0,2012-06-01
Hartley,2015-2016,10.34,2016-06-01
Hartley,2012-2013,0,2013-06-01
Hartley,2019-2020,3.33,2020-06-01
Hartley,2010-2011,4,2011-06-01
Hartley,2018-2019,0,2019-06-01
Hartley,2016-2017,4,2017-06-01
Hartley,2014-2015,0,2015-06-01
Haskell,2012-2013,0,2013-06-01
Haskell,2018-2019,1.78,2019-06-01
Haskell,2013-2014,1.12,2014-06-01
Haskell,2015-2016,0,2016-06-01
Haskell,2011-2012,0,2012-06-01
Haskell,2014-2015,1.42,2015-06-01
Haskell,2016-2017,1.44,2017-06-01
Haskell,2019-2020,3.84,2020-06-01
Haskell,2010-2011,0,2011-06-01
Haskell,2017-2018,1.81,2018-06-01
Hays,2018-2019,3.13,2019-06-01
Hays,2016-2017,3.35,2017-06-01
Hays,2012-2013,3.59,2013-06-01
Hays,2015-2016,2.75,2016-06-01
Hays,2014-2015,2.77,2015-06-01
Hays,2013-2014,2.82,2014-06-01
Hays,2010-2011,2.07,2011-06-01
Hays,2019-2020,3.48,2020-06-01
Hays,2017-2018,3.16,2018-06-01
Hays,2011-2012,2.13,2012-06-01
Hemphill,2012-2013,1.05,2013-06-01
Hemphill,2015-2016,2.5,2016-06-01
Hemphill,2017-2018,1.66,2018-06-01
Hemphill,2019-2020,0,2020-06-01
Hemphill,2013-2014,0,2014-06-01
Hemphill,2014-2015,4.1,2015-06-01
Hemphill,2011-2012,1.38,2012-06-01
Hemphill,2016-2017,2.81,2017-06-01
Hemphill,2010-2011,1.28,2011-06-01
Hemphill,2018-2019,1.81,2019-06-01
Henderson,2015-2016,1.65,2016-06-01
Henderson,2013-2014,0.79,2014-06-01
Henderson,2019-2020,2.98,2020-06-01
Henderson,2016-2017,1.99,2017-06-01
Henderson,2014-2015,1.59,2015-06-01
Henderson,2011-2012,0.66,2012-06-01
Henderson,2017-2018,2.23,2018-06-01
Henderson,2010-2011,1.07,2011-06-01
Henderson,2018-2019,2.57,2019-06-01
Henderson,2012-2013,0.68,2013-06-01
Hidalgo,2013-2014,0.19,2014-06-01
Hidalgo,2019-2020,0.63,2020-06-01
Hidalgo,2010-2011,0.16,2011-06-01
Hidalgo,2011-2012,0.12,2012-06-01
Hidalgo,2018-2019,0.69,2019-06-01
Hidalgo,2015-2016,0.23,2016-06-01
Hidalgo,2016-2017,0.34,2017-06-01
Hidalgo,2014-2015,0.11,2015-06-01
Hidalgo,2012-2013,0.14,2013-06-01
Hidalgo,2017-2018,0.41,2018-06-01
Hill,2013-2014,0.71,2014-06-01
Hill,2012-2013,1.09,2013-06-01
Hill,2011-2012,1.27,2012-06-01
Hill,2016-2017,0.62,2017-06-01
Hill,2014-2015,0.22,2015-06-01
Hill,2010-2011,0.41,2011-06-01
Hill,2017-2018,1.63,2018-06-01
Hill,2015-2016,1.12,2016-06-01
Hill,2018-2019,2.05,2019-06-01
Hill,2019-2020,2.89,2020-06-01
Hockley,2018-2019,1.45,2019-06-01
Hockley,2014-2015,0,2015-06-01
Hockley,2016-2017,0.84,2017-06-01
Hockley,2012-2013,0.77,2013-06-01
Hockley,2015-2016,0.51,2016-06-01
Hockley,2011-2012,1.41,2012-06-01
Hockley,2017-2018,0.83,2018-06-01
Hockley,2013-2014,0,2014-06-01
Hockley,2019-2020,1.5,2020-06-01
Hockley,2010-2011,0.81,2011-06-01
Hood,2011-2012,1.39,2012-06-01
Hood,2012-2013,2,2013-06-01
Hood,2017-2018,2.63,2018-06-01
Hood,2010-2011,7.38,2011-06-01
Hood,2016-2017,2.81,2017-06-01
Hood,2014-2015,1.69,2015-06-01
Hood,2018-2019,3.71,2019-06-01
Hood,2015-2016,3.73,2016-06-01
Hood,2019-2020,5.08,2020-06-01
Hood,2013-2014,2.5,2014-06-01
Hopkins,2014-2015,0.65,2015-06-01
Hopkins,2010-2011,0.78,2011-06-01
Hopkins,2011-2012,0.83,2012-06-01
Hopkins,2013-2014,1.03,2014-06-01
Hopkins,2016-2017,1.05,2017-06-01
Hopkins,2015-2016,0.93,2016-06-01
Hopkins,2019-2020,1.48,2020-06-01
Hopkins,2012-2013,0.8,2013-06-01
Hopkins,2017-2018,0.88,2018-06-01
Hopkins,2018-2019,2.25,2019-06-01
Houston,2014-2015,0,2015-06-01
Houston,2015-2016,1.5,2016-06-01
Houston,2011-2012,0,2012-06-01
Houston,2016-2017,1.76,2017-06-01
Houston,2010-2011,0.46,2011-06-01
Houston,2012-2013,0,2013-06-01
Houston,2019-2020,3.61,2020-06-01
Houston,2017-2018,2.76,2018-06-01
Houston,2018-2019,2.45,2019-06-01
Houston,2013-2014,0.47,2014-06-01
Howard,2013-2014,0.84,2014-06-01
Howard,2018-2019,2.53,2019-06-01
Howard,2019-2020,0.6,2020-06-01
Howard,2012-2013,0.56,2013-06-01
Howard,2014-2015,1.05,2015-06-01
Howard,2015-2016,0.87,2016-06-01
Howard,2017-2018,1.09,2018-06-01
Howard,2016-2017,1.72,2017-06-01
Howard,2011-2012,0.9,2012-06-01
Howard,2010-2011,0.43,2011-06-01
Hudspeth,2016-2017,4.65,2017-06-01
Hudspeth,2018-2019,0,2019-06-01
Hudspeth,2017-2018,0,2018-06-01
Hudspeth,2019-2020,0,2020-06-01
Hudspeth,2015-2016,0,2016-06-01
Hudspeth,2012-2013,0,2013-06-01
Hudspeth,2011-2012,0,2012-06-01
Hudspeth,2013-2014,0,2014-06-01
Hudspeth,2010-2011,0,2011-06-01
Hudspeth,2014-2015,0,2015-06-01
Hunt,2014-2015,0.98,2015-06-01
Hunt,2011-2012,1.29,2012-06-01
Hunt,2013-2014,1.01,2014-06-01
Hunt,2012-2013,0.9,2013-06-01
Hunt,2016-2017,0.95,2017-06-01
Hunt,2017-2018,1.28,2018-06-01
Hunt,2015-2016,1.05,2016-06-01
Hunt,2018-2019,2.14,2019-06-01
Hunt,2010-2011,0.55,2011-06-01
Hunt,2019-2020,2.06,2020-06-01
Hutchinson,2014-2015,1.26,2015-06-01
Hutchinson,2018-2019,2.06,2019-06-01
Hutchinson,2010-2011,0.84,2011-06-01
Hutchinson,2016-2017,1.75,2017-06-01
Hutchinson,2013-2014,0.97,2014-06-01
Hutchinson,2019-2020,3.72,2020-06-01
Hutchinson,2015-2016,0.36,2016-06-01
Hutchinson,2011-2012,0.33,2012-06-01
Hutchinson,2012-2013,0.92,2013-06-01
Hutchinson,2017-2018,3.13,2018-06-01
Irion,2015-2016,0,2016-06-01
Irion,2011-2012,0,2012-06-01
Irion,2013-2014,0,2014-06-01
Irion,2010-2011,0,2011-06-01
Irion,2016-2017,0,2017-06-01
Irion,2017-2018,0,2018-06-01
Irion,2019-2020,3.84,2020-06-01
Irion,2014-2015,0,2015-06-01
Irion,2018-2019,4.54,2019-06-01
Irion,2012-2013,12.5,2013-06-01
Jack,2017-2018,0.9,2018-06-01
Jack,2010-2011,0,2011-06-01
Jack,2018-2019,2.5,2019-06-01
Jack,2015-2016,2.65,2016-06-01
Jack,2012-2013,3.17,2013-06-01
Jack,2013-2014,0,2014-06-01
Jack,2019-2020,4.76,2020-06-01
Jack,2016-2017,2.58,2017-06-01
Jack,2011-2012,0,2012-06-01
Jack,2014-2015,0,2015-06-01
Jackson,2011-2012,0.82,2012-06-01
Jackson,2017-2018,0.88,2018-06-01
Jackson,2016-2017,1.33,2017-06-01
Jackson,2013-2014,1.03,2014-06-01
Jackson,2015-2016,0.38,2016-06-01
Jackson,2018-2019,1.52,2019-06-01
Jackson,2014-2015,1.83,2015-06-01
Jackson,2010-2011,0.4,2011-06-01
Jackson,2012-2013,0.39,2013-06-01
Jackson,2019-2020,1.22,2020-06-01
Jasper,2011-2012,1.96,2012-06-01
Jasper,2010-2011,0.83,2011-06-01
Jasper,2012-2013,1.35,2013-06-01
Jasper,2014-2015,1.31,2015-06-01
Jasper,2016-2017,1.18,2017-06-01
Jasper,2017-2018,3.27,2018-06-01
Jasper,2019-2020,6.49,2020-06-01
Jasper,2018-2019,2.63,2019-06-01
Jasper,2013-2014,1.11,2014-06-01
Jasper,2015-2016,1.41,2016-06-01
Jeff Davis,2017-2018,11.76,2018-06-01
Jeff Davis,2019-2020,7.69,2020-06-01
Jeff Davis,2012-2013,0,2013-06-01
Jeff Davis,2011-2012,0,2012-06-01
Jeff Davis,2016-2017,0,2017-06-01
Jeff Davis,2015-2016,0,2016-06-01
Jeff Davis,2013-2014,0,2014-06-01
Jeff Davis,2010-2011,5.88,2011-06-01
Jeff Davis,2014-2015,0,2015-06-01
Jeff Davis,2018-2019,12.5,2019-06-01
Jefferson,2019-2020,1.68,2020-06-01
Jefferson,2013-2014,0.7,2014-06-01
Jefferson,2017-2018,1.32,2018-06-01
Jefferson,2011-2012,0.67,2012-06-01
Jefferson,2018-2019,1.6,2019-06-01
Jefferson,2015-2016,0.83,2016-06-01
Jefferson,2016-2017,0.68,2017-06-01
Jefferson,2012-2013,0.5,2013-06-01
Jefferson,2010-2011,0.52,2011-06-01
Jefferson,2014-2015,0.81,2015-06-01
Jim Hogg,2012-2013,0,2013-06-01
Jim Hogg,2016-2017,0,2017-06-01
Jim Hogg,2015-2016,0,2016-06-01
Jim Hogg,2013-2014,0,2014-06-01
Jim Hogg,2010-2011,0,2011-06-01
Jim Hogg,2011-2012,0,2012-06-01
Jim Hogg,2018-2019,1.11,2019-06-01
Jim Hogg,2019-2020,0,2020-06-01
Jim Hogg,2017-2018,0,2018-06-01
Jim Hogg,2014-2015,0.99,2015-06-01
Jim Wells,2014-2015,0,2015-06-01
Jim Wells,2017-2018,0.55,2018-06-01
Jim Wells,2012-2013,0,2013-06-01
Jim Wells,2011-2012,0.14,2012-06-01
Jim Wells,2016-2017,0.16,2017-06-01
Jim Wells,2015-2016,0.33,2016-06-01
Jim Wells,2013-2014,0,2014-06-01
Jim Wells,2010-2011,0,2011-06-01
Jim Wells,2018-2019,0.66,2019-06-01
Jim Wells,2019-2020,1.98,2020-06-01
Johnson,2019-2020,4.02,2020-06-01
Johnson,2014-2015,1.6,2015-06-01
Johnson,2013-2014,1.59,2014-06-01
Johnson,2015-2016,2.32,2016-06-01
Johnson,2011-2012,1.02,2012-06-01
Johnson,2016-2017,2.61,2017-06-01
Johnson,2017-2018,3.2,2018-06-01
Johnson,2018-2019,3.87,2019-06-01
Johnson,2012-2013,1.69,2013-06-01
Johnson,2010-2011,1.26,2011-06-01
Jones,2019-2020,0.97,2020-06-01
Jones,2017-2018,0,2018-06-01
Jones,2014-2015,0.99,2015-06-01
Jones,2018-2019,0.5,2019-06-01
Jones,2012-2013,0,2013-06-01
Jones,2013-2014,0,2014-06-01
Jones,2010-2011,0,2011-06-01
Jones,2011-2012,0.52,2012-06-01
Jones,2016-2017,1.63,2017-06-01
Jones,2015-2016,0.47,2016-06-01
Karnes,2016-2017,0,2017-06-01
Karnes,2014-2015,0.54,2015-06-01
Karnes,2019-2020,1,2020-06-01
Karnes,2017-2018,0.55,2018-06-01
Karnes,2018-2019,0,2019-06-01
Karnes,2011-2012,0.56,2012-06-01
Karnes,2012-2013,0,2013-06-01
Karnes,2015-2016,0,2016-06-01
Karnes,2010-2011,0.56,2011-06-01
Karnes,2013-2014,0.58,2014-06-01
Kaufman,2013-2014,1.13,2014-06-01
Kaufman,2010-2011,1.05,2011-06-01
Kaufman,2014-2015,1.19,2015-06-01
Kaufman,2011-2012,0.79,2012-06-01
Kaufman,2016-2017,1.84,2017-06-01
Kaufman,2012-2013,1.05,2013-06-01
Kaufman,2017-2018,2.11,2018-06-01
Kaufman,2015-2016,1.2,2016-06-01
Kaufman,2018-2019,2.22,2019-06-01
Kaufman,2019-2020,3.59,2020-06-01
Kendall,2017-2018,3.97,2018-06-01
Kendall,2018-2019,5.71,2019-06-01
Kendall,2016-2017,3.25,2017-06-01
Kendall,2010-2011,9.92,2011-06-01
Kendall,2014-2015,3.31,2015-06-01
Kendall,2011-2012,3.14,2012-06-01
Kendall,2015-2016,2.67,2016-06-01
Kendall,2019-2020,5.41,2020-06-01
Kendall,2012-2013,5.27,2013-06-01
Kendall,2013-2014,3.45,2014-06-01
Kenedy,2015-2016,0,2016-06-01
Kenedy,2014-2015,0,2015-06-01
Kenedy,2017-2018,0,2018-06-01
Kenedy,2018-2019,0,2019-06-01
Kenedy,2012-2013,0,2013-06-01
Kenedy,2016-2017,0,2017-06-01
Kenedy,2010-2011,0,2011-06-01
Kenedy,2013-2014,0,2014-06-01
Kenedy,2019-2020,0,2020-06-01
Kenedy,2011-2012,0,2012-06-01
Kent,2011-2012,0,2012-06-01
Kent,2014-2015,0,2015-06-01
Kent,2012-2013,0,2013-06-01
Kent,2010-2011,0,2011-06-01
Kent,2013-2014,11.11,2014-06-01
Kent,2016-2017,0,2017-06-01
Kent,2015-2016,10,2016-06-01
Kent,2019-2020,0,2020-06-01
Kerr,2010-2011,1.13,2011-06-01
Kerr,2012-2013,1.56,2013-06-01
Kerr,2015-2016,2.68,2016-06-01
Kerr,2016-2017,1.93,2017-06-01
Kerr,2011-2012,1.51,2012-06-01
Kerr,2017-2018,1.94,2018-06-01
Kerr,2019-2020,4.39,2020-06-01
Kerr,2014-2015,2.32,2015-06-01
Kerr,2018-2019,5.36,2019-06-01
Kerr,2013-2014,2.19,2014-06-01
Kimble,2015-2016,0,2016-06-01
Kimble,2011-2012,0,2012-06-01
Kimble,2017-2018,2.7,2018-06-01
Kimble,2019-2020,2.08,2020-06-01
Kimble,2014-2015,0,2015-06-01
Kimble,2010-2011,2,2011-06-01
Kimble,2012-2013,0,2013-06-01
Kimble,2018-2019,4.16,2019-06-01
Kimble,2016-2017,0,2017-06-01
Kimble,2013-2014,0,2014-06-01
King,2019-2020,11.11,2020-06-01
King,2015-2016,0,2016-06-01
King,2017-2018,14.28,2018-06-01
King,2014-2015,16.66,2015-06-01
King,2011-2012,0,2012-06-01
King,2016-2017,0,2017-06-01
King,2012-2013,0,2013-06-01
King,2018-2019,16.66,2019-06-01
King,2013-2014,0,2014-06-01
King,2010-2011,0,2011-06-01
Kinney,2015-2016,0,2016-06-01
Kinney,2012-2013,4.76,2013-06-01
Kinney,2016-2017,0,2017-06-01
Kinney,2019-2020,0,2020-06-01
Kinney,2017-2018,0,2018-06-01
Kinney,2011-2012,0,2012-06-01
Kinney,2010-2011,0,2011-06-01
Kinney,2018-2019,2.63,2019-06-01
Kinney,2013-2014,0,2014-06-01
Kinney,2014-2015,2.7,2015-06-01
Kleberg,2013-2014,0.71,2014-06-01
Kleberg,2015-2016,1.04,2016-06-01
Kleberg,2016-2017,0,2017-06-01
Kleberg,2011-2012,0.48,2012-06-01
Kleberg,2019-2020,1.11,2020-06-01
Kleberg,2014-2015,0,2015-06-01
Kleberg,2017-2018,0.52,2018-06-01
Kleberg,2012-2013,0.49,2013-06-01
Kleberg,2010-2011,0.47,2011-06-01
Kleberg,2018-2019,1.03,2019-06-01
Knox,2011-2012,0,2012-06-01
Knox,2013-2014,0,2014-06-01
Knox,2010-2011,0,2011-06-01
Knox,2012-2013,1.4,2013-06-01
Knox,2016-2017,0,2017-06-01
Knox,2017-2018,0,2018-06-01
Knox,2015-2016,0,2016-06-01
Knox,2019-2020,0,2020-06-01
Knox,2014-2015,0,2015-06-01
Knox,2018-2019,0,2019-06-01
La Salle,2013-2014,0,2014-06-01
La Salle,2017-2018,0,2018-06-01
La Salle,2016-2017,0,2017-06-01
La Salle,2011-2012,0,2012-06-01
La Salle,2015-2016,0,2016-06-01
La Salle,2010-2011,0,2011-06-01
La Salle,2019-2020,0,2020-06-01
La Salle,2012-2013,0,2013-06-01
La Salle,2018-2019,0,2019-06-01
Lamar,2015-2016,1.48,2016-06-01
Lamar,2017-2018,1.3,2018-06-01
Lamar,2013-2014,0.85,2014-06-01
Lamar,2010-2011,0.44,2011-06-01
Lamar,2012-2013,0.29,2013-06-01
Lamar,2011-2012,0.77,2012-06-01
Lamar,2019-2020,1.91,2020-06-01
Lamar,2014-2015,0.55,2015-06-01
Lamar,2018-2019,2.46,2019-06-01
Lamar,2016-2017,1.38,2017-06-01
Lamb,2013-2014,0,2014-06-01
Lamb,2010-2011,0,2011-06-01
Lamb,2019-2020,0,2020-06-01
Lamb,2017-2018,1.42,2018-06-01
Lamb,2012-2013,0,2013-06-01
Lamb,2015-2016,0.4,2016-06-01
Lamb,2018-2019,0,2019-06-01
Lamb,2014-2015,0,2015-06-01
Lamb,2016-2017,0,2017-06-01
Lamb,2011-2012,0,2012-06-01
Lampasas,2017-2018,3.66,2018-06-01
Lampasas,2010-2011,1.35,2011-06-01
Lampasas,2013-2014,8.96,2014-06-01
Lampasas,2019-2020,4.31,2020-06-01
Lampasas,2011-2012,1.58,2012-06-01
Lampasas,2018-2019,5.71,2019-06-01
Lampasas,2014-2015,2.97,2015-06-01
Lampasas,2012-2013,1.45,2013-06-01
Lampasas,2015-2016,2.23,2016-06-01
Lampasas,2016-2017,2.77,2017-06-01
Lavaca,2011-2012,0,2012-06-01
Lavaca,2014-2015,1.63,2015-06-01
Lavaca,2017-2018,1.24,2018-06-01
Lavaca,2013-2014,0,2014-06-01
Lavaca,2016-2017,1.35,2017-06-01
Lavaca,2015-2016,0.65,2016-06-01
Lavaca,2019-2020,1.73,2020-06-01
Lavaca,2010-2011,0.3,2011-06-01
Lavaca,2012-2013,0.35,2013-06-01
Lavaca,2018-2019,2.8,2019-06-01
Lee,2017-2018,2.13,2018-06-01
Lee,2016-2017,0.94,2017-06-01
Lee,2010-2011,1.76,2011-06-01
Lee,2011-2012,1.66,2012-06-01
Lee,2015-2016,1.22,2016-06-01
Lee,2013-2014,0.77,2014-06-01
Lee,2012-2013,0.41,2013-06-01
Lee,2014-2015,1.14,2015-06-01
Lee,2019-2020,0.81,2020-06-01
Lee,2018-2019,1.31,2019-06-01
Leon,2015-2016,0.43,2016-06-01
Leon,2014-2015,0.41,2015-06-01
Leon,2013-2014,0,2014-06-01
Leon,2011-2012,0.43,2012-06-01
Leon,2012-2013,0,2013-06-01
Leon,2017-2018,1.64,2018-06-01
Leon,2019-2020,1.42,2020-06-01
Leon,2010-2011,0.39,2011-06-01
Leon,2018-2019,0,2019-06-01
Leon,2016-2017,2.55,2017-06-01
Liberty,2018-2019,1.17,2019-06-01
Liberty,2010-2011,0.49,2011-06-01
Liberty,2015-2016,0.81,2016-06-01
Liberty,2019-2020,1.4,2020-06-01
Liberty,2016-2017,0.86,2017-06-01
Liberty,2012-2013,0.52,2013-06-01
Liberty,2014-2015,0.85,2015-06-01
Liberty,2017-2018,1.75,2018-06-01
Liberty,2011-2012,0.28,2012-06-01
Liberty,2013-2014,0.45,2014-06-01
Limestone,2013-2014,0,2014-06-01
Limestone,2019-2020,1.4,2020-06-01
Limestone,2016-2017,0,2017-06-01
Limestone,2017-2018,1.04,2018-06-01
Limestone,2011-2012,0,2012-06-01
Limestone,2014-2015,0,2015-06-01
Limestone,2018-2019,0.37,2019-06-01
Limestone,2012-2013,0.29,2013-06-01
Limestone,2015-2016,0.68,2016-06-01
Limestone,2010-2011,0.33,2011-06-01
Lipscomb,2014-2015,0,2015-06-01
Lipscomb,2015-2016,1.53,2016-06-01
Lipscomb,2019-2020,0,2020-06-01
Lipscomb,2018-2019,3.5,2019-06-01
Lipscomb,2010-2011,0,2011-06-01
Lipscomb,2013-2014,0,2014-06-01
Lipscomb,2011-2012,0,2012-06-01
Lipscomb,2017-2018,2.12,2018-06-01
Lipscomb,2016-2017,0,2017-06-01
Lipscomb,2012-2013,0,2013-06-01
Live Oak,2012-2013,0,2013-06-01
Live Oak,2019-2020,0,2020-06-01
Live Oak,2013-2014,0,2014-06-01
Live Oak,2014-2015,1.31,2015-06-01
Live Oak,2010-2011,0.83,2011-06-01
Live Oak,2015-2016,0.76,2016-06-01
Live Oak,2011-2012,0.84,2012-06-01
Live Oak,2016-2017,0.78,2017-06-01
Live Oak,2018-2019,0.81,2019-06-01
Live Oak,2017-2018,1.49,2018-06-01
Llano,2012-2013,1.49,2013-06-01
Llano,2010-2011,0.66,2011-06-01
Llano,2011-2012,0.74,2012-06-01
Llano,2014-2015,2.85,2015-06-01
Llano,2013-2014,1.93,2014-06-01
Llano,2017-2018,1.69,2018-06-01
Llano,2018-2019,1.73,2019-06-01
Llano,2016-2017,1.78,2017-06-01
Llano,2015-2016,3.03,2016-06-01
Llano,2019-2020,3.75,2020-06-01
Lubbock,2019-2020,2.04,2020-06-01
Lubbock,2012-2013,1,2013-06-01
Lubbock,2011-2012,1.31,2012-06-01
Lubbock,2017-2018,1.79,2018-06-01
Lubbock,2015-2016,1.35,2016-06-01
Lubbock,2014-2015,1.29,2015-06-01
Lubbock,2018-2019,1.76,2019-06-01
Lubbock,2013-2014,1.14,2014-06-01
Lubbock,2016-2017,1.56,2017-06-01
Lubbock,2010-2011,0.83,2011-06-01
Lynn,2014-2015,1.73,2015-06-01
Lynn,2017-2018,4.16,2018-06-01
Lynn,2016-2017,1.8,2017-06-01
Lynn,2013-2014,0.86,2014-06-01
Lynn,2010-2011,1.05,2011-06-01
Lynn,2011-2012,0.84,2012-06-01
Lynn,2018-2019,4.39,2019-06-01
Lynn,2015-2016,1.86,2016-06-01
Lynn,2012-2013,2.18,2013-06-01
Lynn,2019-2020,1.61,2020-06-01
Madison,2019-2020,0,2020-06-01
Madison,2017-2018,0.56,2018-06-01
Madison,2011-2012,1.15,2012-06-01
Madison,2018-2019,0.52,2019-06-01
Madison,2014-2015,0.46,2015-06-01
Madison,2010-2011,0,2011-06-01
Madison,2012-2013,0,2013-06-01
Madison,2015-2016,0.5,2016-06-01
Madison,2016-2017,0.53,2017-06-01
Madison,2013-2014,0,2014-06-01
Marion,2016-2017,1.2,2017-06-01
Marion,2015-2016,0,2016-06-01
Marion,2010-2011,0,2011-06-01
Marion,2011-2012,0,2012-06-01
Marion,2018-2019,2.12,2019-06-01
Marion,2012-2013,0,2013-06-01
Marion,2017-2018,0,2018-06-01
Marion,2014-2015,0,2015-06-01
Marion,2019-2020,0,2020-06-01
Marion,2013-2014,1.05,2014-06-01
Martin,2018-2019,4.08,2019-06-01
Martin,2011-2012,2.85,2012-06-01
Martin,2014-2015,11.76,2015-06-01
Martin,2019-2020,3.41,2020-06-01
Martin,2016-2017,1.08,2017-06-01
Martin,2015-2016,1.92,2016-06-01
Martin,2010-2011,1.17,2011-06-01
Martin,2017-2018,3.88,2018-06-01
Martin,2013-2014,2.83,2014-06-01
Martin,2012-2013,1.16,2013-06-01
Mason,2018-2019,2.04,2019-06-01
Mason,2011-2012,0,2012-06-01
Mason,2015-2016,2.85,2016-06-01
Mason,2012-2013,2,2013-06-01
Mason,2016-2017,6,2017-06-01
Mason,2017-2018,6.34,2018-06-01
Mason,2010-2011,1.85,2011-06-01
Mason,2013-2014,1.63,2014-06-01
Mason,2014-2015,0,2015-06-01
Mason,2019-2020,3.17,2020-06-01
Matagorda,2013-2014,0.5,2014-06-01
Matagorda,2011-2012,1.42,2012-06-01
Matagorda,2010-2011,3.53,2011-06-01
Matagorda,2016-2017,1.1,2017-06-01
Matagorda,2015-2016,1.44,2016-06-01
Matagorda,2014-2015,0.18,2015-06-01
Matagorda,2017-2018,1.33,2018-06-01
Matagorda,2012-2013,0.92,2013-06-01
Matagorda,2018-2019,1.17,2019-06-01
Matagorda,2019-2020,1.78,2020-06-01
Maverick,2017-2018,0.19,2018-06-01
Maverick,2015-2016,0.19,2016-06-01
Maverick,2018-2019,0.28,2019-06-01
Maverick,2012-2013,0.09,2013-06-01
Maverick,2013-2014,0.26,2014-06-01
Maverick,2014-2015,0.09,2015-06-01
Maverick,2016-2017,0.2,2017-06-01
Maverick,2011-2012,0,2012-06-01
Maverick,2010-2011,0.09,2011-06-01
Maverick,2019-2020,0.19,2020-06-01
McCulloch,2016-2017,2,2017-06-01
McCulloch,2017-2018,2.91,2018-06-01
McCulloch,2012-2013,1.43,2013-06-01
McCulloch,2014-2015,2.72,2015-06-01
McCulloch,2015-2016,1.7,2016-06-01
McCulloch,2018-2019,2.97,2019-06-01
McCulloch,2011-2012,2.97,2012-06-01
McCulloch,2013-2014,0.81,2014-06-01
McCulloch,2019-2020,1.19,2020-06-01
McCulloch,2010-2011,0,2011-06-01
McLennan,2015-2016,0.48,2016-06-01
McLennan,2013-2014,0.41,2014-06-01
McLennan,2012-2013,0.27,2013-06-01
McLennan,2019-2020,2.35,2020-06-01
McLennan,2010-2011,0.44,2011-06-01
McLennan,2011-2012,0.33,2012-06-01
McLennan,2018-2019,2.03,2019-06-01
McLennan,2017-2018,1.03,2018-06-01
McLennan,2014-2015,0.56,2015-06-01
McLennan,2016-2017,0.99,2017-06-01
McMullen,2011-2012,5.55,2012-06-01
McMullen,2017-2018,0,2018-06-01
McMullen,2012-2013,0,2013-06-01
McMullen,2014-2015,5.55,2015-06-01
McMullen,2018-2019,0,2019-06-01
McMullen,2016-2017,5.26,2017-06-01
McMullen,2010-2011,0,2011-06-01
McMullen,2015-2016,0,2016-06-01
McMullen,2013-2014,0,2014-06-01
Medina,2010-2011,0.3,2011-06-01
Medina,2018-2019,0.81,2019-06-01
Medina,2012-2013,0.63,2013-06-01
Medina,2014-2015,1.66,2015-06-01
Medina,2015-2016,0.74,2016-06-01
Medina,2017-2018,1.24,2018-06-01
Medina,2013-2014,1.04,2014-06-01
Medina,2011-2012,0.15,2012-06-01
Medina,2016-2017,0.83,2017-06-01
Medina,2019-2020,1.41,2020-06-01
Menard,2019-2020,0,2020-06-01
Menard,2013-2014,0,2014-06-01
Menard,2018-2019,0,2019-06-01
Menard,2016-2017,0,2017-06-01
Menard,2015-2016,4.54,2016-06-01
Menard,2014-2015,0,2015-06-01
Menard,2017-2018,0,2018-06-01
Menard,2010-2011,0,2011-06-01
Menard,2011-2012,0,2012-06-01
Menard,2012-2013,0,2013-06-01
Midland,2010-2011,0.57,2011-06-01
Midland,2014-2015,0.85,2015-06-01
Midland,2013-2014,2.05,2014-06-01
Midland,2018-2019,1.61,2019-06-01
Midland,2012-2013,0.2,2013-06-01
Midland,2016-2017,1.14,2017-06-01
Midland,2015-2016,0.93,2016-06-01
Midland,2017-2018,1.07,2018-06-01
Midland,2019-2020,1.95,2020-06-01
Midland,2011-2012,0.36,2012-06-01
Milam,2010-2011,0.28,2011-06-01
Milam,2017-2018,1,2018-06-01
Milam,2012-2013,0,2013-06-01
Milam,2013-2014,1.36,2014-06-01
Milam,2015-2016,1.2,2016-06-01
Milam,2018-2019,1.69,2019-06-01
Milam,2011-2012,0.31,2012-06-01
Milam,2014-2015,1.95,2015-06-01
Milam,2019-2020,1.25,2020-06-01
Milam,2016-2017,0.91,2017-06-01
Mills,2014-2015,1.81,2015-06-01
Mills,2016-2017,1.88,2017-06-01
Mills,2015-2016,1.85,2016-06-01
Mills,2013-2014,3.44,2014-06-01
Mills,2011-2012,0,2012-06-01
Mills,2019-2020,2,2020-06-01
Mills,2017-2018,0,2018-06-01
Mills,2018-2019,0,2019-06-01
Mills,2012-2013,0,2013-06-01
Mills,2010-2011,0,2011-06-01
Mitchell,2019-2020,0,2020-06-01
Mitchell,2017-2018,0,2018-06-01
Mitchell,2018-2019,0,2019-06-01
Mitchell,2013-2014,0.91,2014-06-01
Mitchell,2010-2011,0,2011-06-01
Mitchell,2012-2013,0,2013-06-01
Mitchell,2016-2017,0,2017-06-01
Mitchell,2014-2015,0.8,2015-06-01
Mitchell,2011-2012,0,2012-06-01
Mitchell,2015-2016,0,2016-06-01
Montague,2018-2019,7.39,2019-06-01
Montague,2010-2011,1.14,2011-06-01
Montague,2015-2016,2.91,2016-06-01
Montague,2016-2017,4.07,2017-06-01
Montague,2014-2015,0,2015-06-01
Montague,2013-2014,1.16,2014-06-01
Montague,2012-2013,1.17,2013-06-01
Montague,2011-2012,0.42,2012-06-01
Montague,2019-2020,7.01,2020-06-01
Montague,2017-2018,4.52,2018-06-01
Montgomery,2016-2017,2.66,2017-06-01
Montgomery,2019-2020,4.01,2020-06-01
Montgomery,2010-2011,1.65,2011-06-01
Montgomery,2011-2012,2.43,2012-06-01
Montgomery,2015-2016,2.23,2016-06-01
Montgomery,2014-2015,2.51,2015-06-01
Montgomery,2012-2013,2.34,2013-06-01
Montgomery,2013-2014,0.95,2014-06-01
Montgomery,2018-2019,2.96,2019-06-01
Montgomery,2017-2018,3.2,2018-06-01
Moore,2016-2017,0,2017-06-01
Moore,2017-2018,0.29,2018-06-01
Moore,2018-2019,0.26,2019-06-01
Moore,2019-2020,1.26,2020-06-01
Moore,2015-2016,0.77,2016-06-01
Moore,2013-2014,0.97,2014-06-01
Moore,2010-2011,0.22,2011-06-01
Moore,2014-2015,0.24,2015-06-01
Moore,2011-2012,0.5,2012-06-01
Moore,2012-2013,0.21,2013-06-01
Morris,2018-2019,2.79,2019-06-01
Morris,2015-2016,1.39,2016-06-01
Morris,2019-2020,1.44,2020-06-01
Morris,2012-2013,0,2013-06-01
Morris,2017-2018,0.72,2018-06-01
Morris,2013-2014,0,2014-06-01
Morris,2010-2011,0,2011-06-01
Morris,2011-2012,0,2012-06-01
Morris,2014-2015,0,2015-06-01
Morris,2016-2017,0,2017-06-01
Motley,2018-2019,11.11,2019-06-01
Motley,2013-2014,0,2014-06-01
Motley,2017-2018,0,2018-06-01
Motley,2019-2020,0,2020-06-01
Motley,2015-2016,0,2016-06-01
Motley,2011-2012,0,2012-06-01
Motley,2010-2011,0,2011-06-01
Motley,2016-2017,10,2017-06-01
Motley,2012-2013,0,2013-06-01
Nacogdoches,2010-2011,0.22,2011-06-01
Nacogdoches,2013-2014,1.16,2014-06-01
Nacogdoches,2019-2020,1.16,2020-06-01
Nacogdoches,2011-2012,1.13,2012-06-01
Nacogdoches,2012-2013,1.1,2013-06-01
Nacogdoches,2017-2018,1.2,2018-06-01
Nacogdoches,2015-2016,0.89,2016-06-01
Nacogdoches,2018-2019,1.91,2019-06-01
Nacogdoches,2016-2017,1.63,2017-06-01
Nacogdoches,2014-2015,0.12,2015-06-01
Navarro,2015-2016,0.28,2016-06-01
Navarro,2017-2018,0.61,2018-06-01
Navarro,2013-2014,0.43,2014-06-01
Navarro,2012-2013,0.24,2013-06-01
Navarro,2018-2019,1.48,2019-06-01
Navarro,2019-2020,0.89,2020-06-01
Navarro,2011-2012,0,2012-06-01
Navarro,2010-2011,0.13,2011-06-01
Navarro,2016-2017,0.3,2017-06-01
Navarro,2014-2015,0.27,2015-06-01
Newton,2014-2015,3.07,2015-06-01
Newton,2017-2018,2.96,2018-06-01
Newton,2019-2020,5.64,2020-06-01
Newton,2010-2011,1.32,2011-06-01
Newton,2016-2017,1.3,2017-06-01
Newton,2012-2013,0.67,2013-06-01
Newton,2013-2014,0,2014-06-01
Newton,2015-2016,0.78,2016-06-01
Newton,2018-2019,0.72,2019-06-01
Newton,2011-2012,1.73,2012-06-01
Nolan,2011-2012,0.37,2012-06-01
Nolan,2019-2020,0.82,2020-06-01
Nolan,2012-2013,0,2013-06-01
Nolan,2014-2015,0,2015-06-01
Nolan,2013-2014,0.74,2014-06-01
Nolan,2015-2016,1.51,2016-06-01
Nolan,2018-2019,2.25,2019-06-01
Nolan,2016-2017,0.96,2017-06-01
Nolan,2010-2011,0.37,2011-06-01
Nolan,2017-2018,0.94,2018-06-01
Nueces,2013-2014,0.88,2014-06-01
Nueces,2012-2013,0.79,2013-06-01
Nueces,2010-2011,0.39,2011-06-01
Nueces,2016-2017,0.95,2017-06-01
Nueces,2019-2020,1.29,2020-06-01
Nueces,2015-2016,0.76,2016-06-01
Nueces,2014-2015,0.82,2015-06-01
Nueces,2018-2019,1.38,2019-06-01
Nueces,2017-2018,1.04,2018-06-01
Nueces,2011-2012,0.57,2012-06-01
Ochiltree,2010-2011,1.01,2011-06-01
Ochiltree,2017-2018,0,2018-06-01
Ochiltree,2013-2014,0.51,2014-06-01
Ochiltree,2015-2016,0,2016-06-01
Ochiltree,2019-2020,0,2020-06-01
Ochiltree,2012-2013,1.11,2013-06-01
Ochiltree,2011-2012,0.57,2012-06-01
Ochiltree,2018-2019,2.72,2019-06-01
Ochiltree,2016-2017,0.64,2017-06-01
Ochiltree,2014-2015,0,2015-06-01
Oldham,2017-2018,4.87,2018-06-01
Oldham,2012-2013,2.04,2013-06-01
Oldham,2016-2017,2.27,2017-06-01
Oldham,2015-2016,3.12,2016-06-01
Oldham,2018-2019,2.27,2019-06-01
Oldham,2011-2012,2.32,2012-06-01
Oldham,2013-2014,7.14,2014-06-01
Oldham,2010-2011,0,2011-06-01
Oldham,2019-2020,1.78,2020-06-01
Oldham,2014-2015,5.88,2015-06-01
Orange,2019-2020,3.97,2020-06-01
Orange,2016-2017,2.28,2017-06-01
Orange,2015-2016,1.49,2016-06-01
Orange,2012-2013,2.38,2013-06-01
Orange,2013-2014,0.73,2014-06-01
Orange,2017-2018,2.62,2018-06-01
Orange,2018-2019,3.95,2019-06-01
Orange,2010-2011,0.57,2011-06-01
Orange,2011-2012,0.62,2012-06-01
Orange,2014-2015,1.68,2015-06-01
Palo Pinto,2010-2011,0.82,2011-06-01
Palo Pinto,2017-2018,2.4,2018-06-01
Palo Pinto,2018-2019,2.57,2019-06-01
Palo Pinto,2019-2020,4.07,2020-06-01
Palo Pinto,2014-2015,0.59,2015-06-01
Palo Pinto,2012-2013,0.51,2013-06-01
Palo Pinto,2016-2017,2.03,2017-06-01
Palo Pinto,2015-2016,0.85,2016-06-01
Palo Pinto,2011-2012,1.51,2012-06-01
Palo Pinto,2013-2014,1.58,2014-06-01
Panola,2010-2011,0.27,2011-06-01
Panola,2013-2014,1.06,2014-06-01
Panola,2019-2020,1.53,2020-06-01
Panola,2014-2015,0.39,2015-06-01
Panola,2018-2019,1.45,2019-06-01
Panola,2011-2012,0,2012-06-01
Panola,2016-2017,1.79,2017-06-01
Panola,2017-2018,2.64,2018-06-01
Panola,2015-2016,0.36,2016-06-01
Panola,2012-2013,0.34,2013-06-01
Parker,2012-2013,1.58,2013-06-01
Parker,2015-2016,2.22,2016-06-01
Parker,2016-2017,2.85,2017-06-01
Parker,2019-2020,4.9,2020-06-01
Parker,2013-2014,1.83,2014-06-01
Parker,2018-2019,4.92,2019-06-01
Parker,2011-2012,1.01,2012-06-01
Parker,2014-2015,3.14,2015-06-01
Parker,2017-2018,3.3,2018-06-01
Parker,2010-2011,0.52,2011-06-01
Parmer,2015-2016,1.06,2016-06-01
Parmer,2018-2019,1.12,2019-06-01
Parmer,2010-2011,1.06,2011-06-01
Parmer,2017-2018,0.69,2018-06-01
Parmer,2016-2017,1.09,2017-06-01
Parmer,2014-2015,0.5,2015-06-01
Parmer,2012-2013,0.55,2013-06-01
Parmer,2019-2020,3.52,2020-06-01
Parmer,2011-2012,1.95,2012-06-01
Parmer,2013-2014,1.88,2014-06-01
Pecos,2010-2011,0,2011-06-01
Pecos,2018-2019,0.44,2019-06-01
Pecos,2016-2017,0.4,2017-06-01
Pecos,2014-2015,0.69,2015-06-01
Pecos,2011-2012,0.88,2012-06-01
Pecos,2012-2013,0.37,2013-06-01
Pecos,2015-2016,0.41,2016-06-01
Pecos,2013-2014,0.79,2014-06-01
Pecos,2019-2020,1.26,2020-06-01
Pecos,2017-2018,0.49,2018-06-01
Polk,2010-2011,0,2011-06-01
Polk,2011-2012,0.54,2012-06-01
Polk,2014-2015,1.49,2015-06-01
Polk,2017-2018,1.73,2018-06-01
Polk,2016-2017,1.7,2017-06-01
Polk,2015-2016,1.54,2016-06-01
Polk,2018-2019,1.8,2019-06-01
Polk,2012-2013,0.51,2013-06-01
Polk,2013-2014,0.19,2014-06-01
Polk,2019-2020,0.79,2020-06-01
Potter,2018-2019,1.64,2019-06-01
Potter,2013-2014,1.25,2014-06-01
Potter,2014-2015,1.19,2015-06-01
Potter,2017-2018,1.5,2018-06-01
Potter,2015-2016,1.17,2016-06-01
Potter,2016-2017,1.53,2017-06-01
Potter,2010-2011,1.35,2011-06-01
Potter,2011-2012,1.36,2012-06-01
Potter,2012-2013,2.09,2013-06-01
Potter,2019-2020,1.84,2020-06-01
Presidio,2014-2015,0,2015-06-01
Presidio,2011-2012,1.92,2012-06-01
Presidio,2018-2019,1.13,2019-06-01
Presidio,2012-2013,0.84,2013-06-01
Presidio,2017-2018,1.03,2018-06-01
Presidio,2010-2011,0.79,2011-06-01
Presidio,2015-2016,0,2016-06-01
Presidio,2013-2014,0,2014-06-01
Presidio,2019-2020,2.04,2020-06-01
Presidio,2016-2017,0.86,2017-06-01
Rains,2010-2011,0,2011-06-01
Rains,2018-2019,3.84,2019-06-01
Rains,2012-2013,2.34,2013-06-01
Rains,2013-2014,1.68,2014-06-01
Rains,2011-2012,0,2012-06-01
Rains,2014-2015,1.86,2015-06-01
Rains,2019-2020,8.33,2020-06-01
Rains,2016-2017,4.76,2017-06-01
Rains,2015-2016,1.61,2016-06-01
Randall,2010-2011,1.38,2011-06-01
Randall,2019-2020,3.44,2020-06-01
Randall,2017-2018,2.23,2018-06-01
Randall,2015-2016,1.61,2016-06-01
Randall,2011-2012,1.38,2012-06-01
Randall,2018-2019,2.84,2019-06-01
Randall,2014-2015,3.3,2015-06-01
Randall,2013-2014,3.4,2014-06-01
Randall,2012-2013,1.83,2013-06-01
Randall,2016-2017,2.39,2017-06-01
Reagan,2018-2019,0,2019-06-01
Reagan,2017-2018,0,2018-06-01
Reagan,2016-2017,0,2017-06-01
Reagan,2015-2016,0,2016-06-01
Reagan,2012-2013,0,2013-06-01
Reagan,2014-2015,0,2015-06-01
Reagan,2013-2014,1.38,2014-06-01
Reagan,2011-2012,0,2012-06-01
Reagan,2019-2020,0,2020-06-01
Reagan,2010-2011,0,2011-06-01
Real,2010-2011,7.4,2011-06-01
Real,2014-2015,0,2015-06-01
Real,2013-2014,0,2014-06-01
Real,2018-2019,0,2019-06-01
Real,2019-2020,0,2020-06-01
Real,2017-2018,0,2018-06-01
Real,2016-2017,0,2017-06-01
Real,2015-2016,4.16,2016-06-01
Real,2012-2013,0,2013-06-01
Real,2011-2012,0,2012-06-01
Red River,2011-2012,0,2012-06-01
Red River,2014-2015,0.62,2015-06-01
Red River,2019-2020,2.04,2020-06-01
Red River,2017-2018,1.37,2018-06-01
Red River,2018-2019,2.81,2019-06-01
Red River,2016-2017,0.67,2017-06-01
Red River,2010-2011,0.73,2011-06-01
Red River,2013-2014,0.52,2014-06-01
Red River,2012-2013,2.72,2013-06-01
Red River,2015-2016,1.41,2016-06-01
Reeves,2017-2018,0.5,2018-06-01
Reeves,2014-2015,0.44,2015-06-01
Reeves,2010-2011,0.65,2011-06-01
Reeves,2013-2014,0,2014-06-01
Reeves,2019-2020,1.2,2020-06-01
Reeves,2012-2013,0.48,2013-06-01
Reeves,2018-2019,0,2019-06-01
Reeves,2016-2017,1.5,2017-06-01
Reeves,2011-2012,0,2012-06-01
Reeves,2015-2016,1.05,2016-06-01
Refugio,2014-2015,1.04,2015-06-01
Refugio,2018-2019,4.93,2019-06-01
Refugio,2016-2017,3.96,2017-06-01
Refugio,2010-2011,0,2011-06-01
Refugio,2012-2013,2.75,2013-06-01
Refugio,2011-2012,0.99,2012-06-01
Refugio,2019-2020,3.79,2020-06-01
Refugio,2015-2016,0,2016-06-01
Refugio,2017-2018,1.05,2018-06-01
Refugio,2013-2014,0,2014-06-01
Roberts,2015-2016,0,2016-06-01
Roberts,2018-2019,0,2019-06-01
Roberts,2012-2013,0,2013-06-01
Roberts,2017-2018,0,2018-06-01
Roberts,2016-2017,0,2017-06-01
Roberts,2019-2020,0,2020-06-01
Roberts,2011-2012,0,2012-06-01
Roberts,2014-2015,0,2015-06-01
Roberts,2010-2011,0,2011-06-01
Roberts,2013-2014,0,2014-06-01
Robertson,2011-2012,1.27,2012-06-01
Robertson,2012-2013,0.36,2013-06-01
Robertson,2017-2018,0.89,2018-06-01
Robertson,2019-2020,2.89,2020-06-01
Robertson,2013-2014,0.39,2014-06-01
Robertson,2018-2019,1.28,2019-06-01
Robertson,2016-2017,1.32,2017-06-01
Robertson,2015-2016,0.4,2016-06-01
Robertson,2014-2015,0.5,2015-06-01
Robertson,2010-2011,0.82,2011-06-01
Rockwall,2013-2014,1.87,2014-06-01
Rockwall,2011-2012,2.43,2012-06-01
Rockwall,2015-2016,1.82,2016-06-01
Rockwall,2012-2013,2.43,2013-06-01
Rockwall,2016-2017,3.2,2017-06-01
Rockwall,2017-2018,3.32,2018-06-01
Rockwall,2019-2020,5.07,2020-06-01
Rockwall,2014-2015,2.65,2015-06-01
Rockwall,2010-2011,1.41,2011-06-01
Rockwall,2018-2019,4.35,2019-06-01
Runnels,2011-2012,0,2012-06-01
Runnels,2010-2011,1.33,2011-06-01
Runnels,2012-2013,0,2013-06-01
Runnels,2015-2016,2.89,2016-06-01
Runnels,2013-2014,0,2014-06-01
Runnels,2014-2015,1.48,2015-06-01
Runnels,2016-2017,0.71,2017-06-01
Runnels,2017-2018,0.76,2018-06-01
Runnels,2018-2019,0.79,2019-06-01
Runnels,2019-2020,0,2020-06-01
Rusk,2018-2019,1.35,2019-06-01
Rusk,2014-2015,0.39,2015-06-01
Rusk,2015-2016,0.22,2016-06-01
Rusk,2016-2017,0.42,2017-06-01
Rusk,2013-2014,0,2014-06-01
Rusk,2019-2020,2.66,2020-06-01
Rusk,2010-2011,0.49,2011-06-01
Rusk,2011-2012,0.79,2012-06-01
Rusk,2017-2018,0.65,2018-06-01
Rusk,2012-2013,0.3,2013-06-01
Sabine,2011-2012,0,2012-06-01
Sabine,2010-2011,0,2011-06-01
Sabine,2018-2019,4.27,2019-06-01
Sabine,2016-2017,2.23,2017-06-01
Sabine,2017-2018,2.47,2018-06-01
Sabine,2019-2020,2.75,2020-06-01
Sabine,2014-2015,0.68,2015-06-01
Sabine,2012-2013,0.7,2013-06-01
Sabine,2013-2014,0,2014-06-01
Sabine,2015-2016,0.7,2016-06-01
San Augustine,2011-2012,1.04,2012-06-01
San Augustine,2018-2019,1.42,2019-06-01
San Augustine,2016-2017,1.33,2017-06-01
San Augustine,2012-2013,0.98,2013-06-01
San Augustine,2017-2018,2.32,2018-06-01
San Augustine,2014-2015,1.07,2015-06-01
San Augustine,2013-2014,3.44,2014-06-01
San Augustine,2019-2020,6.25,2020-06-01
San Augustine,2015-2016,1.19,2016-06-01
San Augustine,2010-2011,0.98,2011-06-01
San Jacinto,2019-2020,3.38,2020-06-01
San Jacinto,2016-2017,0.4,2017-06-01
San Jacinto,2017-2018,0.86,2018-06-01
San Jacinto,2013-2014,0.4,2014-06-01
San Jacinto,2015-2016,0.88,2016-06-01
San Jacinto,2014-2015,0.77,2015-06-01
San Jacinto,2011-2012,0,2012-06-01
San Jacinto,2012-2013,0.82,2013-06-01
San Jacinto,2018-2019,3.77,2019-06-01
San Jacinto,2010-2011,0.43,2011-06-01
San Patricio,2018-2019,0.81,2019-06-01
San Patricio,2010-2011,0.09,2011-06-01
San Patricio,2019-2020,0.8,2020-06-01
San Patricio,2013-2014,0.44,2014-06-01
San Patricio,2016-2017,0.71,2017-06-01
San Patricio,2015-2016,0.89,2016-06-01
San Patricio,2014-2015,0.84,2015-06-01
San Patricio,2017-2018,1.67,2018-06-01
San Patricio,2012-2013,0.18,2013-06-01
San Patricio,2011-2012,0.68,2012-06-01
San Saba,2019-2020,2.73,2020-06-01
San Saba,2010-2011,2.98,2011-06-01
San Saba,2013-2014,0,2014-06-01
San Saba,2011-2012,2.89,2012-06-01
San Saba,2015-2016,3.57,2016-06-01
San Saba,2018-2019,5.33,2019-06-01
San Saba,2017-2018,3.79,2018-06-01
San Saba,2012-2013,2.43,2013-06-01
San Saba,2016-2017,3.03,2017-06-01
San Saba,2014-2015,0,2015-06-01
Schleicher,2018-2019,0,2019-06-01
Schleicher,2013-2014,0,2014-06-01
Schleicher,2019-2020,0,2020-06-01
Schleicher,2014-2015,0,2015-06-01
Schleicher,2010-2011,0,2011-06-01
Schleicher,2011-2012,2.5,2012-06-01
Schleicher,2016-2017,0,2017-06-01
Schleicher,2015-2016,0,2016-06-01
Schleicher,2012-2013,0,2013-06-01
Scurry,2013-2014,0,2014-06-01
Scurry,2012-2013,0,2013-06-01
Scurry,2015-2016,0,2016-06-01
Scurry,2014-2015,0,2015-06-01
Scurry,2011-2012,0.34,2012-06-01
Scurry,2019-2020,0.87,2020-06-01
Scurry,2010-2011,0,2011-06-01
Scurry,2017-2018,0.4,2018-06-01
Scurry,2016-2017,0.51,2017-06-01
Scurry,2018-2019,0.89,2019-06-01
Shackelford,2017-2018,4.25,2018-06-01
Shackelford,2014-2015,3.92,2015-06-01
Shackelford,2016-2017,4.34,2017-06-01
Shackelford,2010-2011,0,2011-06-01
Shackelford,2013-2014,2,2014-06-01
Shackelford,2019-2020,4.87,2020-06-01
Shackelford,2011-2012,2,2012-06-01
Shackelford,2015-2016,3.77,2016-06-01
Shackelford,2018-2019,6.12,2019-06-01
Shackelford,2012-2013,2.04,2013-06-01
Shelby,2017-2018,0.58,2018-06-01
Shelby,2019-2020,0.89,2020-06-01
Shelby,2013-2014,0.49,2014-06-01
Shelby,2018-2019,1.39,2019-06-01
Shelby,2015-2016,0,2016-06-01
Shelby,2016-2017,0.55,2017-06-01
Shelby,2014-2015,0,2015-06-01
Shelby,2011-2012,0,2012-06-01
Shelby,2010-2011,0,2011-06-01
Shelby,2012-2013,0,2013-06-01
Sherman,2015-2016,0,2016-06-01
Sherman,2010-2011,0,2011-06-01
Sherman,2013-2014,0,2014-06-01
Sherman,2018-2019,0,2019-06-01
Sherman,2019-2020,0,2020-06-01
Sherman,2017-2018,3.12,2018-06-01
Sherman,2012-2013,0,2013-06-01
Sherman,2016-2017,0,2017-06-01
Sherman,2014-2015,0,2015-06-01
Sherman,2011-2012,0,2012-06-01
Smith,2012-2013,0.65,2013-06-01
Smith,2016-2017,1.34,2017-06-01
Smith,2018-2019,2.39,2019-06-01
Smith,2017-2018,2.68,2018-06-01
Smith,2013-2014,0.97,2014-06-01
Smith,2014-2015,1.37,2015-06-01
Smith,2011-2012,1,2012-06-01
Smith,2010-2011,0.53,2011-06-01
Smith,2015-2016,1.64,2016-06-01
Smith,2019-2020,2.98,2020-06-01
Somervell,2010-2011,0,2011-06-01
Somervell,2019-2020,7.14,2020-06-01
Somervell,2015-2016,3.87,2016-06-01
Somervell,2017-2018,3.84,2018-06-01
Somervell,2012-2013,0,2013-06-01
Somervell,2011-2012,0.8,2012-06-01
Somervell,2016-2017,0,2017-06-01
Somervell,2018-2019,5.22,2019-06-01
Somervell,2013-2014,1.57,2014-06-01
Somervell,2014-2015,3.22,2015-06-01
Starr,2011-2012,0.07,2012-06-01
Starr,2019-2020,0,2020-06-01
Starr,2015-2016,0,2016-06-01
Starr,2018-2019,0.09,2019-06-01
Starr,2014-2015,0,2015-06-01
Starr,2017-2018,0.09,2018-06-01
Starr,2010-2011,0,2011-06-01
Starr,2012-2013,0,2013-06-01
Starr,2016-2017,0.07,2017-06-01
Starr,2013-2014,0,2014-06-01
Stephens,2014-2015,0.86,2015-06-01
Stephens,2016-2017,0,2017-06-01
Stephens,2011-2012,0,2012-06-01
Stephens,2019-2020,4.54,2020-06-01
Stephens,2012-2013,0.79,2013-06-01
Stephens,2015-2016,0.96,2016-06-01
Stephens,2017-2018,2.8,2018-06-01
Stephens,2013-2014,0,2014-06-01
Stephens,2010-2011,0,2011-06-01
Stephens,2018-2019,2.85,2019-06-01
Sterling,2010-2011,0,2011-06-01
Sterling,2013-2014,0,2014-06-01
Sterling,2016-2017,0,2017-06-01
Sterling,2014-2015,2.56,2015-06-01
Sterling,2012-2013,0,2013-06-01
Sterling,2018-2019,0,2019-06-01
Sterling,2017-2018,0,2018-06-01
Sterling,2019-2020,4,2020-06-01
Sterling,2015-2016,0,2016-06-01
Sterling,2011-2012,0,2012-06-01
Stonewall,2014-2015,0,2015-06-01
Stonewall,2018-2019,0,2019-06-01
Stonewall,2013-2014,0,2014-06-01
Stonewall,2015-2016,0,2016-06-01
Stonewall,2016-2017,0,2017-06-01
Stonewall,2012-2013,0,2013-06-01
Stonewall,2017-2018,0,2018-06-01
Stonewall,2010-2011,0,2011-06-01
Sutton,2019-2020,3.7,2020-06-01
Sutton,2013-2014,0,2014-06-01
Sutton,2016-2017,1.96,2017-06-01
Sutton,2010-2011,0,2011-06-01
Sutton,2011-2012,0,2012-06-01
Sutton,2015-2016,0,2016-06-01
Sutton,2018-2019,3.63,2019-06-01
Sutton,2014-2015,0,2015-06-01
Sutton,2012-2013,0,2013-06-01
Sutton,2017-2018,4.44,2018-06-01
Swisher,2014-2015,0,2015-06-01
Swisher,2019-2020,0.92,2020-06-01
Swisher,2011-2012,1.75,2012-06-01
Swisher,2015-2016,0,2016-06-01
Swisher,2018-2019,0.87,2019-06-01
Swisher,2013-2014,0,2014-06-01
Swisher,2017-2018,4.67,2018-06-01
Swisher,2010-2011,0,2011-06-01
Swisher,2012-2013,0,2013-06-01
Swisher,2016-2017,1.8,2017-06-01
Tarrant,2019-2020,3.04,2020-06-01
Tarrant,2012-2013,1.7,2013-06-01
Tarrant,2016-2017,2.23,2017-06-01
Tarrant,2013-2014,1.53,2014-06-01
Tarrant,2015-2016,1.84,2016-06-01
Tarrant,2018-2019,3.07,2019-06-01
Tarrant,2014-2015,1.63,2015-06-01
Tarrant,2017-2018,2.51,2018-06-01
Tarrant,2011-2012,1.37,2012-06-01
Tarrant,2010-2011,1.01,2011-06-01
Taylor,2011-2012,0.72,2012-06-01
Taylor,2012-2013,0.99,2013-06-01
Taylor,2014-2015,1.3,2015-06-01
Taylor,2019-2020,1.78,2020-06-01
Taylor,2015-2016,0.94,2016-06-01
Taylor,2016-2017,1.01,2017-06-01
Taylor,2017-2018,2.12,2018-06-01
Taylor,2013-2014,0.76,2014-06-01
Taylor,2010-2011,0.44,2011-06-01
Taylor,2018-2019,1.87,2019-06-01
Terrell,2017-2018,0,2018-06-01
Terrell,2012-2013,0,2013-06-01
Terrell,2013-2014,0,2014-06-01
Terrell,2015-2016,0,2016-06-01
Terrell,2019-2020,0,2020-06-01
Terrell,2011-2012,0,2012-06-01
Terrell,2010-2011,0,2011-06-01
Terrell,2014-2015,0,2015-06-01
Terrell,2016-2017,0,2017-06-01
Terrell,2018-2019,0,2019-06-01
Terry,2019-2020,4.04,2020-06-01
Terry,2010-2011,0.53,2011-06-01
Terry,2014-2015,0,2015-06-01
Terry,2015-2016,0,2016-06-01
Terry,2012-2013,0,2013-06-01
Terry,2013-2014,0,2014-06-01
Terry,2018-2019,4.93,2019-06-01
Terry,2016-2017,1.22,2017-06-01
Terry,2011-2012,1.08,2012-06-01
Terry,2017-2018,0.62,2018-06-01
Texas,2018-2019,2.16,2019-06-01
Texas,2014-2015,1.28,2015-06-01
Texas,2013-2014,1.34,2014-06-01
Texas,2010-2011,0.82,2011-06-01
Texas,2011-2012,1,2012-06-01
Texas,2012-2013,1.15,2013-06-01
Texas,2017-2018,1.8,2018-06-01
Texas,2015-2016,1.34,2016-06-01
Texas,2016-2017,1.55,2017-06-01
Texas,2019-2020,2.24,2020-06-01
Throckmorton,2012-2013,0,2013-06-01
Throckmorton,2017-2018,0,2018-06-01
Throckmorton,2011-2012,0,2012-06-01
Throckmorton,2018-2019,0,2019-06-01
Throckmorton,2015-2016,0,2016-06-01
Throckmorton,2016-2017,0,2017-06-01
Throckmorton,2013-2014,0,2014-06-01
Throckmorton,2019-2020,0,2020-06-01
Throckmorton,2014-2015,0,2015-06-01
Throckmorton,2010-2011,0,2011-06-01
Titus,2019-2020,0,2020-06-01
Titus,2017-2018,0.4,2018-06-01
Titus,2016-2017,0.2,2017-06-01
Titus,2011-2012,0.35,2012-06-01
Titus,2014-2015,0,2015-06-01
Titus,2013-2014,0.67,2014-06-01
Titus,2015-2016,0.59,2016-06-01
Titus,2010-2011,0.18,2011-06-01
Titus,2012-2013,0.31,2013-06-01
Titus,2018-2019,0.75,2019-06-01
Tom Green,2012-2013,0.5,2013-06-01
Tom Green,2010-2011,0.4,2011-06-01
Tom Green,2013-2014,0.41,2014-06-01
Tom Green,2019-2020,1.56,2020-06-01
Tom Green,2018-2019,1.71,2019-06-01
Tom Green,2011-2012,0.41,2012-06-01
Tom Green,2016-2017,1.39,2017-06-01
Tom Green,2014-2015,0.7,2015-06-01
Tom Green,2017-2018,1.26,2018-06-01
Tom Green,2015-2016,0.99,2016-06-01
Travis,2018-2019,3.53,2019-06-01
Travis,2014-2015,3.18,2015-06-01
Travis,2019-2020,3.13,2020-06-01
Travis,2015-2016,3.12,2016-06-01
Travis,2012-2013,2.87,2013-06-01
Travis,2016-2017,3.16,2017-06-01
Travis,2010-2011,1.99,2011-06-01
Travis,2011-2012,2.35,2012-06-01
Travis,2013-2014,3.21,2014-06-01
Travis,2017-2018,3.61,2018-06-01
Trinity,2014-2015,0,2015-06-01
Trinity,2018-2019,1.55,2019-06-01
Trinity,2019-2020,1.25,2020-06-01
Trinity,2017-2018,2.96,2018-06-01
Trinity,2015-2016,0,2016-06-01
Trinity,2012-2013,0,2013-06-01
Trinity,2011-2012,1.19,2012-06-01
Trinity,2010-2011,0,2011-06-01
Trinity,2016-2017,1.13,2017-06-01
Trinity,2013-2014,1.16,2014-06-01
Tyler,2013-2014,1.65,2014-06-01
Tyler,2012-2013,1.52,2013-06-01
Tyler,2010-2011,1.18,2011-06-01
Tyler,2019-2020,2.42,2020-06-01
Tyler,2015-2016,1.47,2016-06-01
Tyler,2016-2017,3.1,2017-06-01
Tyler,2018-2019,2.1,2019-06-01
Tyler,2017-2018,3.18,2018-06-01
Tyler,2014-2015,0.78,2015-06-01
Tyler,2011-2012,0.37,2012-06-01
Upshur,2012-2013,0.6,2013-06-01
Upshur,2014-2015,1.62,2015-06-01
Upshur,2011-2012,1.52,2012-06-01
Upshur,2016-2017,2.57,2017-06-01
Upshur,2013-2014,1.65,2014-06-01
Upshur,2018-2019,3.74,2019-06-01
Upshur,2017-2018,1.88,2018-06-01
Upshur,2015-2016,2.85,2016-06-01
Upshur,2010-2011,5.33,2011-06-01
Upshur,2019-2020,2.97,2020-06-01
Upton,2019-2020,0,2020-06-01
Upton,2013-2014,0,2014-06-01
Upton,2015-2016,0,2016-06-01
Upton,2016-2017,1.85,2017-06-01
Upton,2010-2011,0,2011-06-01
Upton,2018-2019,4.68,2019-06-01
Upton,2017-2018,0,2018-06-01
Upton,2014-2015,1.29,2015-06-01
Upton,2011-2012,0,2012-06-01
Upton,2012-2013,0,2013-06-01
Uvalde,2015-2016,0.98,2016-06-01
Uvalde,2013-2014,0.2,2014-06-01
Uvalde,2018-2019,0.51,2019-06-01
Uvalde,2017-2018,1.06,2018-06-01
Uvalde,2011-2012,0.9,2012-06-01
Uvalde,2019-2020,1.3,2020-06-01
Uvalde,2016-2017,1.14,2017-06-01
Uvalde,2014-2015,0.9,2015-06-01
Uvalde,2012-2013,0.22,2013-06-01
Uvalde,2010-2011,0,2011-06-01
Val Verde,2010-2011,0.23,2011-06-01
Val Verde,2013-2014,0.1,2014-06-01
Val Verde,2016-2017,0,2017-06-01
Val Verde,2018-2019,0.39,2019-06-01
Val Verde,2014-2015,0.11,2015-06-01
Val Verde,2017-2018,0.43,2018-06-01
Val Verde,2012-2013,0.38,2013-06-01
Val Verde,2015-2016,0.13,2016-06-01
Val Verde,2019-2020,0.42,2020-06-01
Val Verde,2011-2012,0.36,2012-06-01
Van Zandt,2014-2015,2.54,2015-06-01
Van Zandt,2017-2018,2.33,2018-06-01
Van Zandt,2013-2014,1.74,2014-06-01
Van Zandt,2019-2020,5.71,2020-06-01
Van Zandt,2010-2011,1.9,2011-06-01
Van Zandt,2015-2016,2.52,2016-06-01
Van Zandt,2016-2017,3.16,2017-06-01
Van Zandt,2018-2019,2.77,2019-06-01
Van Zandt,2012-2013,1.09,2013-06-01
Van Zandt,2011-2012,1.3,2012-06-01
Victoria,2012-2013,0.33,2013-06-01
Victoria,2019-2020,1.71,2020-06-01
Victoria,2010-2011,0.6,2011-06-01
Victoria,2013-2014,0.34,2014-06-01
Victoria,2011-2012,0.29,2012-06-01
Victoria,2017-2018,0.82,2018-06-01
Victoria,2014-2015,3.16,2015-06-01
Victoria,2018-2019,0.68,2019-06-01
Victoria,2016-2017,0.65,2017-06-01
Victoria,2015-2016,0.45,2016-06-01
Walker,2014-2015,2.35,2015-06-01
Walker,2012-2013,0.85,2013-06-01
Walker,2010-2011,0.7,2011-06-01
Walker,2016-2017,1.28,2017-06-01
Walker,2011-2012,0.17,2012-06-01
Walker,2015-2016,0.86,2016-06-01
Walker,2013-2014,1.74,2014-06-01
Walker,2018-2019,2.48,2019-06-01
Walker,2019-2020,2.59,2020-06-01
Walker,2017-2018,1.5,2018-06-01
Waller,2015-2016,1.02,2016-06-01
Waller,2016-2017,0.82,2017-06-01
Waller,2018-2019,1.55,2019-06-01
Waller,2014-2015,0.75,2015-06-01
Waller,2017-2018,1.34,2018-06-01
Waller,2012-2013,0.73,2013-06-01
Waller,2019-2020,1.34,2020-06-01
Waller,2010-2011,0,2011-06-01
Waller,2011-2012,0,2012-06-01
Waller,2013-2014,0.61,2014-06-01
Ward,2011-2012,0,2012-06-01
Ward,2010-2011,0.55,2011-06-01
Ward,2012-2013,0.98,2013-06-01
Ward,2013-2014,0.49,2014-06-01
Ward,2014-2015,0,2015-06-01
Ward,2015-2016,0,2016-06-01
Ward,2016-2017,1.71,2017-06-01
Ward,2018-2019,0.91,2019-06-01
Ward,2017-2018,1.7,2018-06-01
Ward,2019-2020,1.92,2020-06-01
Washington,2011-2012,0,2012-06-01
Washington,2019-2020,2.09,2020-06-01
Washington,2018-2019,3.06,2019-06-01
Washington,2017-2018,1,2018-06-01
Washington,2015-2016,0.83,2016-06-01
Washington,2013-2014,1.61,2014-06-01
Washington,2014-2015,1.02,2015-06-01
Washington,2010-2011,0,2011-06-01
Washington,2016-2017,1.32,2017-06-01
Washington,2012-2013,0,2013-06-01
Webb,2016-2017,0.28,2017-06-01
Webb,2019-2020,0.39,2020-06-01
Webb,2012-2013,0.07,2013-06-01
Webb,2015-2016,0.25,2016-06-01
Webb,2011-2012,0.16,2012-06-01
Webb,2014-2015,0.07,2015-06-01
Webb,2013-2014,0.15,2014-06-01
Webb,2017-2018,0.15,2018-06-01
Webb,2018-2019,0.19,2019-06-01
Webb,2010-2011,0.09,2011-06-01
Wharton,2013-2014,0,2014-06-01
Wharton,2011-2012,0.33,2012-06-01
Wharton,2010-2011,0.14,2011-06-01
Wharton,2017-2018,0.73,2018-06-01
Wharton,2015-2016,0.26,2016-06-01
Wharton,2019-2020,0.17,2020-06-01
Wharton,2018-2019,1.04,2019-06-01
Wharton,2012-2013,0.15,2013-06-01
Wharton,2014-2015,0.49,2015-06-01
Wharton,2016-2017,0.34,2017-06-01
Wheeler,2019-2020,8.33,2020-06-01
Wheeler,2014-2015,3.38,2015-06-01
Wheeler,2017-2018,3.48,2018-06-01
Wheeler,2012-2013,1.12,2013-06-01
Wheeler,2011-2012,2.27,2012-06-01
Wheeler,2015-2016,3.22,2016-06-01
Wheeler,2010-2011,2.12,2011-06-01
Wheeler,2013-2014,1.09,2014-06-01
Wheeler,2018-2019,1.28,2019-06-01
Wheeler,2016-2017,3.7,2017-06-01
Wichita,2010-2011,0.53,2011-06-01
Wichita,2017-2018,1.54,2018-06-01
Wichita,2019-2020,1.46,2020-06-01
Wichita,2018-2019,1.23,2019-06-01
Wichita,2011-2012,0.56,2012-06-01
Wichita,2016-2017,0.86,2017-06-01
Wichita,2013-2014,1.28,2014-06-01
Wichita,2014-2015,0.99,2015-06-01
Wichita,2015-2016,1.07,2016-06-01
Wichita,2012-2013,0.63,2013-06-01
Wilbarger,2011-2012,0,2012-06-01
Wilbarger,2018-2019,1.3,2019-06-01
Wilbarger,2016-2017,0.68,2017-06-01
Wilbarger,2019-2020,1.38,2020-06-01
Wilbarger,2012-2013,0.56,2013-06-01
Wilbarger,2014-2015,0.56,2015-06-01
Wilbarger,2017-2018,0,2018-06-01
Wilbarger,2015-2016,0.66,2016-06-01
Wilbarger,2013-2014,0,2014-06-01
Wilbarger,2010-2011,0,2011-06-01
Willacy,2019-2020,0.43,2020-06-01
Willacy,2018-2019,0,2019-06-01
Willacy,2015-2016,0,2016-06-01
Willacy,2013-2014,0.89,2014-06-01
Willacy,2010-2011,0,2011-06-01
Willacy,2014-2015,0,2015-06-01
Willacy,2017-2018,0,2018-06-01
Willacy,2012-2013,0.28,2013-06-01
Willacy,2016-2017,0,2017-06-01
Willacy,2011-2012,0,2012-06-01
Williamson,2013-2014,3.97,2014-06-01
Williamson,2010-2011,2.45,2011-06-01
Williamson,2018-2019,4.75,2019-06-01
Williamson,2014-2015,3.74,2015-06-01
Williamson,2015-2016,3.89,2016-06-01
Williamson,2017-2018,3.89,2018-06-01
Williamson,2012-2013,3.33,2013-06-01
Williamson,2011-2012,2.89,2012-06-01
Williamson,2019-2020,4.32,2020-06-01
Williamson,2016-2017,3.9,2017-06-01
Wilson,2011-2012,0.52,2012-06-01
Wilson,2015-2016,1.53,2016-06-01
Wilson,2018-2019,3.22,2019-06-01
Wilson,2013-2014,0.52,2014-06-01
Wilson,2010-2011,0.52,2011-06-01
Wilson,2017-2018,1.22,2018-06-01
Wilson,2014-2015,1.15,2015-06-01
Wilson,2012-2013,0.15,2013-06-01
Wilson,2019-2020,1.78,2020-06-01
Wilson,2016-2017,1.25,2017-06-01
Winkler,2010-2011,0,2011-06-01
Winkler,2013-2014,0.6,2014-06-01
Winkler,2015-2016,0,2016-06-01
Winkler,2012-2013,0,2013-06-01
Winkler,2017-2018,0.7,2018-06-01
Winkler,2014-2015,0,2015-06-01
Winkler,2016-2017,2.17,2017-06-01
Winkler,2011-2012,0,2012-06-01
Winkler,2018-2019,1.31,2019-06-01
Winkler,2019-2020,1.5,2020-06-01
Wise,2013-2014,1.62,2014-06-01
Wise,2015-2016,1.52,2016-06-01
Wise,2019-2020,4.93,2020-06-01
Wise,2017-2018,2.87,2018-06-01
Wise,2012-2013,1.18,2013-06-01
Wise,2011-2012,0.75,2012-06-01
Wise,2018-2019,3.75,2019-06-01
Wise,2016-2017,2.64,2017-06-01
Wise,2014-2015,1.89,2015-06-01
Wise,2010-2011,0.77,2011-06-01
Wood,2017-2018,1.8,2018-06-01
Wood,2011-2012,1.73,2012-06-01
Wood,2015-2016,1.87,2016-06-01
Wood,2014-2015,1.28,2015-06-01
Wood,2013-2014,0.87,2014-06-01
Wood,2018-2019,2.88,2019-06-01
Wood,2010-2011,1.29,2011-06-01
Wood,2016-2017,0.95,2017-06-01
Wood,2012-2013,0.63,2013-06-01
Wood,2019-2020,2.92,2020-06-01
Yoakum,2019-2020,2.81,2020-06-01
Yoakum,2013-2014,0.52,2014-06-01
Yoakum,2018-2019,1.18,2019-06-01
Yoakum,2011-2012,0.65,2012-06-01
Yoakum,2016-2017,2.12,2017-06-01
Yoakum,2015-2016,0.63,2016-06-01
Yoakum,2012-2013,0,2013-06-01
Yoakum,2010-2011,0.58,2011-06-01
Yoakum,2014-2015,1.2,2015-06-01
Yoakum,2017-2018,0,2018-06-01
Young,2010-2011,0.4,2011-06-01
Young,2019-2020,2.33,2020-06-01
Young,2018-2019,1.98,2019-06-01
Young,2016-2017,1.88,2017-06-01
Young,2015-2016,1.33,2016-06-01
Young,2013-2014,1.87,2014-06-01
Young,2014-2015,2.79,2015-06-01
Young,2012-2013,0,2013-06-01
Young,2017-2018,2.45,2018-06-01
Young,2011-2012,0,2012-06-01
Zapata,2013-2014,0,2014-06-01
Zapata,2019-2020,0.75,2020-06-01
Zapata,2010-2011,0,2011-06-01
Zapata,2017-2018,0,2018-06-01
Zapata,2018-2019,0,2019-06-01
Zapata,2016-2017,0,2017-06-01
Zapata,2011-2012,0,2012-06-01
Zapata,2014-2015,0,2015-06-01
Zapata,2012-2013,1.36,2013-06-01
Zapata,2015-2016,0,2016-06-01
Zavala,2015-2016,0,2016-06-01
Zavala,2012-2013,0,2013-06-01
Zavala,2011-2012,0.5,2012-06-01
Zavala,2019-2020,0.58,2020-06-01
Zavala,2016-2017,0.63,2017-06-01
Zavala,2018-2019,0,2019-06-01
Zavala,2014-2015,0,2015-06-01
Zavala,2010-2011,0.51,2011-06-01
Zavala,2013-2014,0,2014-06-01
Zavala,2017-2018,0,2018-06-01